178.833,0,0
180.727,0,0
182.569,0,0
184.386,0,0
186.101,0,0
187.747,0,0
189.378,0,0
190.943,0,0
192.394,0,0
193.765,0,0
195.154,0,0
196.458,0,0
197.69,0,0
198.752,0,0
199.745,0,0
200.661,0,0
201.5,0,0
202.205,0,0
202.767,0,0
203.188,0,0
203.454,0,0
203.577,0,0
203.564,0,0
203.298,0,0
203.015,0,0
202.471,0,0
201.895,0,0
200.801,0,0
199.82,0,0
198.614,0,0
197.634,0,0
196.153,0,0
194.698,0,0
192.85,0,0
190.826,0,0
188.487,0,0
186.104,0,0
184.161,0,0
181.149,0,0
177.546,0,0
174.125,0,0
170.653,0,0
167.297,0,0
162.717,0,0
158.021,0,0
152.84,0,0
148.719,0,0
143.93,0,0
139.8,0,0
134.736,0,0
130.8,0,0
125.07,0,0
120.743,0,0
116.672,0,0
111.565,0,0
106.398,0,0
100.953,0,0
97.6754,0,0
94.9772,0,0
91.9613,0,0
88.946,0,0
83.6587,0,0
79.2511,0,0
76.1926,0,0
73.4056,0,0
72.1029,0,0
70.0083,0,0
67.8422,0,0
65.6329,0,0
62.9699,0,0
61.0218,0,0
60.1578,0,0
58.4591,0,0
57.7864,0,0
58.1884,0,0
59.7267,0,0
61.9415,0,0
63.6965,0,0
64.269,0,0
65.6836,0,0
67.6037,0,0
69.2301,0,0
71.9163,0,0
74.3811,0,0
75.6849,0,0
78.665,0,0
82.2309,0,0
85.373,0,0
90.3092,0,0
93.5123,0,0
97.0478,0,0
100.445,0,0
103.435,0,0
106.824,0,0
108.685,0,0
111.603,0,0
116.277,0,0
121.908,0,0
126.608,0,0
133.521,0,0
140.35,0,0
147.298,0,0
153.872,0,0
160.592,0,0
167.454,0,0
174.61,0,0
181.455,0,0
186.07,0,0
192.765,0,0
196.102,0,0
203.547,0,0
211.07,0,0
219.081,0,0
227.203,0,0
235.176,0,0
244.75,0,0
253.846,0,0
259.592,0,0
260.219,0,0
268.258,0,0
275.074,0,0
274.574,0,0
273.553,0,0
277.211,0,0
286.1,0,0
295.673,0,0
305.627,0,0
314.919,0,0
317.43,0,0
322.785,0,0
332.39,0,0
338.812,0,0
350.843,0,0
363.076,0,0
371.256,0,0
381.874,0,0
380.905,0,0
384.396,0,0
389.294,0,0
393.951,0,0
396.873,0,0
397.702,0,0
404.888,0,0
409.371,0,0
412.799,0,0
411.207,0,0
421.565,0,0
425.556,0,0
424.565,0,0
428.742,0,0
432.736,0,0
437.492,0,0
442.639,0,0
449.973,0,0
455.098,0,0
462.229,0,0
468.501,0,0
475,0,0
473.316,0,0
473.816,0,0
471.384,0,0
469.631,0,0
466.874,0,0
463.975,0,0
460.926,0,0
458.529,0,0
456.753,0,0
457.023,0,0
455.315,0,0
451.606,0,0
447.787,0,0
443.802,0,0
440.549,0,0
437.333,0,0
434.059,0,0
430.495,0,0
425.794,0,0
421.125,0,0
416.19,0,0
411.145,0,0
405.268,0,0
398.832,0,0
392.059,0,0
385.01,0,0
378.394,0,0
372.479,0,0
363.978,0,0
354.809,0,0
348.478,0,0
340.963,0,0
331.725,0,0
322.778,0,0
311.914,0,0
300.743,0,0
291.279,0,0
279.764,0,0
267.857,0,0
256.566,0,0
244.306,0,0
237.67,0,0
228.062,0,0
221.581,0,0
210.246,0,0
199.217,0,0
191.987,0,0
186.164,0,0
178.972,0,0
166.748,0,0
154.515,0,0
142.448,0,0
132.128,0,0
125.643,0,0
118.308,0,0
109.857,0,0
102.233,0,0
91.7106,0,0
83.8028,0,0
78.741,0,0
72.0284,0,0
66.5155,0,0
58.6209,0,0
50.3639,0,0
45.3478,0,0
44.4465,0,0
43.3358,0,0
40.0737,0,0
34.3173,0,0
30.2786,0,0
28.3251,0,0
24.3935,0,0
24.8917,0,0
25.7005,0,0
26.7533,0,0
28.532,0,0
29.1189,0,0
32.6768,0,0
34.4673,0,0
37.5281,0,0
42.6775,0,0
45.9904,0,0
51.3882,0,0
54.8608,0,0
58.7461,0,0
62.7998,0,0
66.5153,0,0
71.448,0,0
77.813,0,0
84.6885,0,0
89.8586,0,0
96.8461,0,0
103.766,0,0
109.171,0,0
115.294,0,0
122.2,0,0
128.428,0,0
134.391,0,0
140.362,0,0
146.505,0,0
152.59,0,0
158.703,0,0
164.664,0,0
170.382,0,0
175.641,0,0
182.185,0,0
188.469,0,0
194.095,0,0
200.305,0,0
207.136,0,0
210.548,0,0
216.909,0,0
222.062,0,0
228.355,0,0
231.179,0,0
233.45,0,0
238.948,0,0
244.937,0,0
249.582,0,0
254.268,0,0
260.468,0,0
264.868,0,0
270.17,0,0
274.788,0,0
279.157,0,0
283.571,0,0
288.328,0,0
290.959,0,0
296.24,0,0
301.51,0,0
303.182,0,0
305.528,0,0
309.735,0,0
312.884,0,0
315.99,0,0
319.627,0,0
325.369,0,0
330.197,0,0
335.528,0,0
339.883,0,0
345.471,0,0
351.332,0,0
356.851,0,0
362.166,0,0
368.013,0,0
374.103,0,0
379.498,0,0
385.295,0,0
391.017,0,0
397.086,0,0
402.751,0,0
408.237,0,0
413.228,0,0
418.193,0,0
423.08,0,0
428.1,0,0
432.984,0,0
437.751,0,0
442.374,0,0
446.649,0,0
450.797,0,0
454.635,0,0
458.4,0,0
461.861,0,0
465.356,0,0
468.417,0,0
471.56,0,0
473.92,0,0
476.205,0,0
478.647,0,0
480.437,0,0
481.807,0,0
483.1,0,0
483.626,0,0
484.377,0,0
485.105,0,0
484.77,0,0
484.314,0,0
483.499,0,0
483.352,0,0
482.954,0,0
481.828,0,0
479.677,0,0
477.239,0,0
474.506,0,0
472.498,0,0
470.463,0,0
466.983,0,0
463.7,0,0
459.717,0,0
455.248,0,0
450.616,0,0
446.354,0,0
441.811,0,0
436.961,0,0
431.694,0,0
425.99,0,0
420.242,0,0
414.14,0,0
407.702,0,0
400.812,0,0
393.753,0,0
386.391,0,0
378.607,0,0
370.556,0,0
362.225,0,0
354.304,0,0
345.299,0,0
335.96,0,0
326.481,0,0
317.969,0,0
309.203,0,0
299.449,0,0
291.514,0,0
280.598,0,0
272.18,0,0
264.145,0,0
256.102,0,0
246.64,0,0
238.304,0,0
227.905,0,0
214.676,0,0
201.115,0,0
187.252,0,0
173.033,0,0
158.558,0,0
143.78,0,0
128.738,0,0
113.535,0,0
98.0288,0,0
82.4264,0,0
66.6963,0,0
50.9888,0,0
43.1351,0,0
35.4338,0,0
27.8906,0,0
12.6464,0,0
1.86804,0,0
-12.6978,0,0
-20.2613,0,0
-27.0204,0,0
-33.9343,0,0
-40.9847,0,0
-47.2025,0,0
-58.5944,0,0
-71.3059,0,0
-77.8153,0,0
-94.1531,0,0
-110.945,0,0
-117.932,0,0
-134.1,0,0
-149.763,0,0
-164.808,0,0
-177.025,0,0
-190.47,0,0
-204.709,0,0
-217.464,0,0
-230.591,0,0
-242.741,0,0
-248.063,0,0
-259.739,0,0
-266.511,0,0
-273.31,0,0
-275.47,0,0
-281.388,0,0
-284.768,0,0
-290.068,0,0
-291.297,0,0
-293.625,0,0
-295.11,0,0
-297.079,0,0
-298.434,0,0
-297.018,0,0
-293.93,0,0
-291.56,0,0
-290.955,0,0
-287.373,0,0
-280.462,0,0
-275.825,0,0
-271.166,0,0
-264.976,0,0
-257.536,0,0
-248.746,0,0
-239.378,0,0
-229.317,0,0
-219.35,0,0
-208.514,0,0
-197.59,0,0
-184.681,0,0
-171.895,0,0
-158.377,0,0
-144.611,0,0
-130.526,0,0
-116.683,0,0
-101.497,0,0
-86.0565,0,0
-70.5509,0,0
-53.4579,0,0
-37.1267,0,0
-21.9216,0,0
-2.58122,0,0
16.6718,0,0
34.931,0,0
50.4749,0,0
71.2349,0,0
87.4256,0,0
105.629,0,0
119.008,0,0
131.565,0,0
147.131,0,0
168.401,0,0
189.337,0,0
205.052,0,0
224.31,0,0
239.277,0,0
254.288,0,0
267.811,0,0
279.229,0,0
298.856,0,0
317.918,0,0
335.128,0,0
347.166,0,0
363.505,0,0
373.399,0,0
392.358,0,0
406.767,0,0
415.052,0,0
427.825,0,0
446.512,0,0
463.959,0,0
480.061,0,0
489.48,0,0
504.382,0,0
509.597,0,0
514.791,0,0
519.516,0,0
531.876,0,0
544.519,0,0
556.884,0,0
566.197,0,0
568.931,0,0
578.752,0,0
588.421,0,0
597.476,0,0
600.941,0,0
608.276,0,0
611.031,0,0
614.13,0,0
617.806,0,0
622.01,0,0
625.715,0,0
628.046,0,0
624.811,0,0
625.77,0,0
626.634,0,0
626.13,0,0
625.417,0,0
623.943,0,0
621.716,0,0
618.747,0,0
615.029,0,0
610.568,0,0
605.372,0,0
599.561,0,0
593.289,0,0
586.03,0,0
578.073,0,0
569.721,0,0
560.338,0,0
550.398,0,0
538.905,0,0
527.165,0,0
515.564,0,0
503.197,0,0
490.409,0,0
477.046,0,0
463.279,0,0
448.817,0,0
433.971,0,0
419.193,0,0
404.079,0,0
388.837,0,0
373.258,0,0
356.85,0,0
340.071,0,0
323.854,0,0
307.553,0,0
290.07,0,0
273.379,0,0
256.616,0,0
239.793,0,0
222.913,0,0
206.163,0,0
189.228,0,0
172.28,0,0
155.36,0,0
137.357,0,0
119.916,0,0
102.629,0,0
85.0994,0,0
68.0151,0,0
51.5811,0,0
34.9082,0,0
18.3031,0,0
2.23756,0,0
-12.9947,0,0
-28.2972,0,0
-43.5471,0,0
-57.9855,0,0
-71.8314,0,0
-85.4832,0,0
-98.6089,0,0
-111.547,0,0
-123.375,0,0
-134.752,0,0
-145.908,0,0
-156.531,0,0
-166.485,0,0
-175.868,0,0
-184.807,0,0
-192.745,0,0
-200.246,0,0
-207.456,0,0
-213.597,0,0
-219.9,0,0
-224.513,0,0
-228.877,0,0
-232.033,0,0
-234.735,0,0
-236.553,0,0
-237.421,0,0
-236.962,0,0
-235.815,0,0
-233.717,0,0
-231.524,0,0
-227.475,0,0
-224.831,0,0
-220.326,0,0
-214.055,0,0
-209.812,0,0
-202.163,0,0
-196.056,0,0
-189.786,0,0
-182.576,0,0
-174.909,0,0
-165.847,0,0
-157.07,0,0
-148.328,0,0
-137.173,0,0
-127.013,0,0
-115.903,0,0
-105.58,0,0
-95.0416,0,0
-84.388,0,0
-74.3961,0,0
-64.2777,0,0
-52.0422,0,0
-40.8784,0,0
-29.1124,0,0
-17.9207,0,0
-6.31917,0,0
5.97791,0,0
18.0928,0,0
30.132,0,0
41.4915,0,0
52.3458,0,0
62.9324,0,0
73.5122,0,0
85.6118,0,0
97.6138,0,0
108.974,0,0
120.162,0,0
132.646,0,0
146.324,0,0
158.992,0,0
171.951,0,0
185.666,0,0
197.335,0,0
207.54,0,0
219.707,0,0
233.84,0,0
246.115,0,0
256.978,0,0
271.233,0,0
283.348,0,0
296.018,0,0
309.719,0,0
321.415,0,0
334.925,0,0
350.068,0,0
362.212,0,0
375.721,0,0
389.42,0,0
402.073,0,0
417.736,0,0
432.672,0,0
448.845,0,0
466.47,0,0
481.255,0,0
497.356,0,0
511.102,0,0
525.478,0,0
536.896,0,0
549.024,0,0
561.597,0,0
573.658,0,0
589.869,0,0
605.669,0,0
616.924,0,0
630.764,0,0
639.097,0,0
646.787,0,0
655.422,0,0
668.092,0,0
679.351,0,0
691.83,0,0
704.55,0,0
713.623,0,0
721.206,0,0
732.581,0,0
743.475,0,0
754.001,0,0
763.991,0,0
773.346,0,0
777.388,0,0
778.399,0,0
779.862,0,0
779.736,0,0
785.095,0,0
790.1,0,0
790.62,0,0
791.434,0,0
790.842,0,0
792.18,0,0
793.415,0,0
790.954,0,0
790.632,0,0
789.48,0,0
787.49,0,0
784.649,0,0
780.979,0,0
776.446,0,0
771.09,0,0
764.864,0,0
757.428,0,0
749.392,0,0
740.428,0,0
730.953,0,0
719.442,0,0
707.247,0,0
694.752,0,0
681.599,0,0
667.558,0,0
652.548,0,0
636.654,0,0
620.681,0,0
603.338,0,0
585.252,0,0
568.752,0,0
551.453,0,0
533.914,0,0
515.95,0,0
497.14,0,0
474.742,0,0
451.644,0,0
432.98,0,0
408.988,0,0
384.122,0,0
358.705,0,0
332.726,0,0
306.237,0,0
280.1,0,0
258.543,0,0
239.243,0,0
210.66,0,0
190.532,0,0
162.898,0,0
133.957,0,0
104.744,0,0
80.2234,0,0
59.1577,0,0
34.6933,0,0
4.75874,0,0
-25.2067,0,0
-45.6471,0,0
-77.4185,0,0
-97.1192,0,0
-122.61,0,0
-139.307,0,0
-166.129,0,0
-183.186,0,0
-206.319,0,0
-230.334,0,0
-253.163,0,0
-268.632,0,0
-295.568,0,0
-318.049,0,0
-338.921,0,0
-352.389,0,0
-378.201,0,0
-402.71,0,0
-426.967,0,0
-438.375,0,0
-456.497,0,0
-477.022,0,0
-487.148,0,0
-496.283,0,0
-504.307,0,0
-515.284,0,0
-532.794,0,0
-548.675,0,0
-558.126,0,0
-572.639,0,0
-579.733,0,0
-590.581,0,0
-592.359,0,0
-593.154,0,0
-599.748,0,0
-602.4,0,0
-608.86,0,0
-610.039,0,0
-613.835,0,0
-615.113,0,0
-611.291,0,0
-605.793,0,0
-601.294,0,0
-597.361,0,0
-593.466,0,0
-589.162,0,0
-583.709,0,0
-572.546,0,0
-560.483,0,0
-546.824,0,0
-534.703,0,0
-521.876,0,0
-506.326,0,0
-489.609,0,0
-473.04,0,0
-455.304,0,0
-436.492,0,0
-417.391,0,0
-397.246,0,0
-375.563,0,0
-353.025,0,0
-329.829,0,0
-306.088,0,0
-281.765,0,0
-257.925,0,0
-231.96,0,0
-205.554,0,0
-179.454,0,0
-152.848,0,0
-125.818,0,0
-98.318,0,0
-71.6175,0,0
-42.8875,0,0
-13.4717,0,0
14.5617,0,0
44.3444,0,0
73.2663,0,0
102.27,0,0
129.729,0,0
159.208,0,0
188.349,0,0
217.148,0,0
245.364,0,0
274.664,0,0
301.43,0,0
329.279,0,0
354.691,0,0
381.654,0,0
406.059,0,0
429.738,0,0
452.798,0,0
478.791,0,0
504.205,0,0
525.015,0,0
545.399,0,0
568.868,0,0
591.377,0,0
613.011,0,0
633.777,0,0
653.97,0,0
672.705,0,0
690.927,0,0
707.341,0,0
722.068,0,0
736.794,0,0
750.273,0,0
764.778,0,0
778.505,0,0
789.066,0,0
798.825,0,0
809.09,0,0
818.67,0,0
826.524,0,0
833.923,0,0
840.952,0,0
847.196,0,0
852.685,0,0
856.819,0,0
859.766,0,0
862.323,0,0
863.573,0,0
864.399,0,0
864.277,0,0
863.097,0,0
861.037,0,0
857.924,0,0
853.944,0,0
849.008,0,0
843.213,0,0
836.594,0,0
829.122,0,0
820.852,0,0
811.751,0,0
801.832,0,0
791.071,0,0
779.57,0,0
767.276,0,0
754.261,0,0
740.489,0,0
726.174,0,0
711.043,0,0
695.138,0,0
678.64,0,0
661.449,0,0
643.745,0,0
625.25,0,0
606.256,0,0
586.713,0,0
566.579,0,0
546.161,0,0
525.257,0,0
503.945,0,0
482.05,0,0
459.616,0,0
437.102,0,0
414.168,0,0
391.013,0,0
367.508,0,0
343.447,0,0
319.203,0,0
294.823,0,0
270.301,0,0
245.607,0,0
220.807,0,0
195.883,0,0
170.897,0,0
145.892,0,0
120.84,0,0
95.9296,0,0
70.8638,0,0
45.9934,0,0
21.3313,0,0
-3.24001,0,0
-27.9286,0,0
-52.1802,0,0
-76.167,0,0
-99.9589,0,0
-123.143,0,0
-146.444,0,0
-168.972,0,0
-191.07,0,0
-212.914,0,0
-234.323,0,0
-254.593,0,0
-274.328,0,0
-293.865,0,0
-312.61,0,0
-329.615,0,0
-347.152,0,0
-364.555,0,0
-380.046,0,0
-394.161,0,0
-408.597,0,0
-422.15,0,0
-435.91,0,0
-446.823,0,0
-456.219,0,0
-467.075,0,0
-476.064,0,0
-484.526,0,0
-492.713,0,0
-499.917,0,0
-505.812,0,0
-509.463,0,0
-510.411,0,0
-514.573,0,0
-517.584,0,0
-518.039,0,0
-515.721,0,0
-514.929,0,0
-512.814,0,0
-509.794,0,0
-504.72,0,0
-499.321,0,0
-495.688,0,0
-488.045,0,0
-481.752,0,0
-473.613,0,0
-467.199,0,0
-457.067,0,0
-445.364,0,0
-434.54,0,0
-422.464,0,0
-410.02,0,0
-396.63,0,0
-383.857,0,0
-369.881,0,0
-355.762,0,0
-339.493,0,0
-323.922,0,0
-309.09,0,0
-293.108,0,0
-276.164,0,0
-258.42,0,0
-239.968,0,0
-221.52,0,0
-202.012,0,0
-182.245,0,0
-162.399,0,0
-142.252,0,0
-121.846,0,0
-99.9328,0,0
-78.4975,0,0
-57.3631,0,0
-34.7341,0,0
-11.1,0,0
11.4262,0,0
30.1937,0,0
48.831,0,0
73.5652,0,0
100.134,0,0
125.404,0,0
145.844,0,0
170.75,0,0
196.397,0,0
221.587,0,0
245.208,0,0
266.312,0,0
290.848,0,0
315.07,0,0
337.521,0,0
360.307,0,0
390.63,0,0
420.82,0,0
446.981,0,0
469.231,0,0
497.577,0,0
524.129,0,0
546.659,0,0
570.681,0,0
598.043,0,0
621.387,0,0
646.048,0,0
665.913,0,0
693.296,0,0
714.482,0,0
736.468,0,0
760.497,0,0
780.432,0,0
804.119,0,0
828.835,0,0
855.013,0,0
876.343,0,0
897.836,0,0
916.974,0,0
933.002,0,0
956.041,0,0
976.47,0,0
998.564,0,0
1008.78,0,0
1020.66,0,0
1036.54,0,0
1052.87,0,0
1061.77,0,0
1070.99,0,0
1074.78,0,0
1088.58,0,0
1096.69,0,0
1107.56,0,0
1109.5,0,0
1109.17,0,0
1115.43,0,0
1121.86,0,0
1127.03,0,0
1125.34,0,0
1122.55,0,0
1117.15,0,0
1116.97,0,0
1116.47,0,0
1109.18,0,0
1104.95,0,0
1099.37,0,0
1093.24,0,0
1079.76,0,0
1065.25,0,0
1049.78,0,0
1033.52,0,0
1016.3,0,0
999.478,0,0
980.753,0,0
963.336,0,0
944.762,0,0
925.017,0,0
903.991,0,0
881.789,0,0
858.534,0,0
834.256,0,0
809.075,0,0
782.988,0,0
757.046,0,0
729.462,0,0
700.83,0,0
671.573,0,0
642.632,0,0
611.57,0,0
581.851,0,0
549.395,0,0
516.404,0,0
487.219,0,0
453.223,0,0
418.765,0,0
383.897,0,0
350.62,0,0
320.627,0,0
287.511,0,0
251.715,0,0
221.778,0,0
189.715,0,0
152.776,0,0
123.385,0,0
94.2758,0,0
65.4562,0,0
36.9284,0,0
8.54751,0,0
-19.2454,0,0
-45.7153,0,0
-72.7944,0,0
-98.1137,0,0
-131.012,0,0
-155.455,0,0
-188.556,0,0
-219.838,0,0
-250.499,0,0
-280.605,0,0
-307.707,0,0
-336.891,0,0
-357.404,0,0
-377.961,0,0
-398.805,0,0
-418.473,0,0
-439.615,0,0
-460.153,0,0
-482.698,0,0
-500.792,0,0
-519.193,0,0
-533.753,0,0
-550.219,0,0
-567.087,0,0
-580.843,0,0
-595.666,0,0
-606.905,0,0
-618.885,0,0
-626.08,0,0
-633.018,0,0
-639.207,0,0
-647.818,0,0
-652.023,0,0
-656.258,0,0
-657.75,0,0
-660.452,0,0
-663.022,0,0
-662.151,0,0
-658.889,0,0
-655.729,0,0
-650.791,0,0
-646.351,0,0
-640.821,0,0
-632.317,0,0
-623.264,0,0
-613.591,0,0
-602.867,0,0
-590.091,0,0
-576.912,0,0
-561.66,0,0
-544.823,0,0
-527.854,0,0
-509.411,0,0
-490.718,0,0
-470.945,0,0
-449.706,0,0
-427.33,0,0
-403.503,0,0
-378.565,0,0
-352.807,0,0
-326.111,0,0
-298.448,0,0
-269.968,0,0
-240.482,0,0
-210.114,0,0
-179.511,0,0
-148.016,0,0
-115.266,0,0
-81.6009,0,0
-47.0851,0,0
-12.122,0,0
22.8582,0,0
57.7378,0,0
94.0544,0,0
129.698,0,0
165.593,0,0
202.36,0,0
238.994,0,0
276.11,0,0
312.42,0,0
347.766,0,0
383.273,0,0
418.337,0,0
453.924,0,0
489.593,0,0
524.401,0,0
559.009,0,0
593.396,0,0
627.334,0,0
660.522,0,0
693.973,0,0
726.203,0,0
757.644,0,0
788.818,0,0
818.858,0,0
848.406,0,0
876.618,0,0
904.84,0,0
932.112,0,0
958.316,0,0
983.37,0,0
1007.45,0,0
1030.69,0,0
1052.89,0,0
1074.09,0,0
1094.67,0,0
1114.03,0,0
1132.46,0,0
1149.89,0,0
1166.22,0,0
1181.48,0,0
1195.69,0,0
1208.69,0,0
1220.52,0,0
1231.19,0,0
1240.66,0,0
1248.77,0,0
1256.02,0,0
1261.65,0,0
1266.16,0,0
1269.54,0,0
1271.8,0,0
1272.9,0,0
1272.86,0,0
1271.58,0,0
1269.11,0,0
1265.37,0,0
1260.5,0,0
1254.44,0,0
1247.25,0,0
1238.83,0,0
1229.3,0,0
1219.7,0,0
1208.12,0,0
1195.73,0,0
1183,0,0
1169.18,0,0
1153.29,0,0
1136.33,0,0
1119.44,0,0
1101.54,0,0
1082.7,0,0
1062.87,0,0
1041.05,0,0
1019.08,0,0
995.626,0,0
971.296,0,0
946.162,0,0
920.044,0,0
893.225,0,0
865.734,0,0
837.468,0,0
808.235,0,0
778.157,0,0
747.36,0,0
715.944,0,0
683.615,0,0
650.753,0,0
617.18,0,0
582.888,0,0
548.112,0,0
512.733,0,0
476.806,0,0
440.293,0,0
403.305,0,0
365.856,0,0
327.983,0,0
289.172,0,0
254.39,0,0
219.362,0,0
184.744,0,0
148.454,0,0
109.139,0,0
70.7846,0,0
31.4032,0,0
-8.09467,0,0
-46.1124,0,0
-82.6145,0,0
-121.928,0,0
-157.462,0,0
-189.264,0,0
-228.131,0,0
-263.152,0,0
-299.801,0,0
-332.812,0,0
-364.496,0,0
-392.41,0,0
-427.058,0,0
-459.465,0,0
-494.168,0,0
-527.597,0,0
-560.045,0,0
-591.443,0,0
-619.595,0,0
-648.691,0,0
-676.606,0,0
-693.779,0,0
-714.931,0,0
-740.127,0,0
-763.121,0,0
-781.352,0,0
-792.883,0,0
-808.025,0,0
-824.303,0,0
-839.76,0,0
-846.914,0,0
-855.034,0,0
-866.01,0,0
-875.128,0,0
-882.217,0,0
-886.361,0,0
-890.751,0,0
-884.685,0,0
-881.677,0,0
-880.966,0,0
-876.941,0,0
-874.834,0,0
-864.938,0,0
-854.77,0,0
-840.184,0,0
-825.71,0,0
-812.947,0,0
-795.446,0,0
-782.209,0,0
-768.356,0,0
-749.625,0,0
-728.628,0,0
-710.961,0,0
-691.062,0,0
-669.135,0,0
-646.85,0,0
-624.227,0,0
-600.892,0,0
-576.442,0,0
-551.798,0,0
-525.493,0,0
-498.317,0,0
-470.188,0,0
-441.807,0,0
-412.745,0,0
-383.514,0,0
-353.585,0,0
-324.4,0,0
-294.013,0,0
-263.796,0,0
-233.066,0,0
-199.778,0,0
-166.9,0,0
-135.875,0,0
-108.484,0,0
-76.5568,0,0
-39.3813,0,0
-1.87286,0,0
35.7939,0,0
68.4571,0,0
104.803,0,0
140.453,0,0
173.494,0,0
208.515,0,0
242.147,0,0
273.269,0,0
307.597,0,0
334.247,0,0
368.689,0,0
408.312,0,0
442.563,0,0
473.061,0,0
508.137,0,0
539.237,0,0
571.855,0,0
604.357,0,0
642.827,0,0
673.578,0,0
700.233,0,0
726.96,0,0
761.773,0,0
797.726,0,0
833.953,0,0
869.199,0,0
904.054,0,0
934.472,0,0
957.208,0,0
984.15,0,0
1015.01,0,0
1041.08,0,0
1060.47,0,0
1081.97,0,0
1107.4,0,0
1127.06,0,0
1150.8,0,0
1173.2,0,0
1194.12,0,0
1214.26,0,0
1224.7,0,0
1233.85,0,0
1244.59,0,0
1256.71,0,0
1266.19,0,0
1274.43,0,0
1280.97,0,0
1285.66,0,0
1286.88,0,0
1290.89,0,0
1291.92,0,0
1290.57,0,0
1286.92,0,0
1281.94,0,0
1278.09,0,0
1272.58,0,0
1265.47,0,0
1256.76,0,0
1246.45,0,0
1234.57,0,0
1221.11,0,0
1206.15,0,0
1190.03,0,0
1172.11,0,0
1152.67,0,0
1130.6,0,0
1108.52,0,0
1084.82,0,0
1059.84,0,0
1033.56,0,0
1006.26,0,0
977.632,0,0
947.853,0,0
917.153,0,0
885.188,0,0
852.361,0,0
818.619,0,0
784.141,0,0
749.145,0,0
712.915,0,0
675.962,0,0
638.394,0,0
600.142,0,0
561.343,0,0
521.974,0,0
482.14,0,0
441.996,0,0
402.543,0,0
361.956,0,0
322.049,0,0
282.142,0,0
241.138,0,0
199.945,0,0
159.902,0,0
120.08,0,0
79.1305,0,0
39.0317,0,0
-0.552388,0,0
-39.7477,0,0
-78.9937,0,0
-118.461,0,0
-157.389,0,0
-195.788,0,0
-233.719,0,0
-271.194,0,0
-307.685,0,0
-343.524,0,0
-378.467,0,0
-412.592,0,0
-446.139,0,0
-478.786,0,0
-510.739,0,0
-541.719,0,0
-571.933,0,0
-600.795,0,0
-628.886,0,0
-656.011,0,0
-682.163,0,0
-707.163,0,0
-730.877,0,0
-753.952,0,0
-776.197,0,0
-796.79,0,0
-816.515,0,0
-834.895,0,0
-852.847,0,0
-868.846,0,0
-883.137,0,0
-896.464,0,0
-908.516,0,0
-919.421,0,0
-928.902,0,0
-937.119,0,0
-944.194,0,0
-950.205,0,0
-954.811,0,0
-959.44,0,0
-961.454,0,0
-962.477,0,0
-961.854,0,0
-959.438,0,0
-956.257,0,0
-951.419,0,0
-945.179,0,0
-937.662,0,0
-928.863,0,0
-918.881,0,0
-907.498,0,0
-894.965,0,0
-881.089,0,0
-865.077,0,0
-847.099,0,0
-827.961,0,0
-807.493,0,0
-785.093,0,0
-762.726,0,0
-738.597,0,0
-713.305,0,0
-686.881,0,0
-659.078,0,0
-630.359,0,0
-601.169,0,0
-569.969,0,0
-537.527,0,0
-504.942,0,0
-470.985,0,0
-436.114,0,0
-400.464,0,0
-363.713,0,0
-326.05,0,0
-287.511,0,0
-247.945,0,0
-207.801,0,0
-167.096,0,0
-125.741,0,0
-83.8057,0,0
-40.6279,0,0
2.68573,0,0
46.4823,0,0
91.1235,0,0
135.865,0,0
180.165,0,0
224.914,0,0
270.456,0,0
314.888,0,0
360.921,0,0
406.839,0,0
452.204,0,0
498.436,0,0
543.225,0,0
588.999,0,0
633.884,0,0
676.87,0,0
719.664,0,0
763.295,0,0
807.282,0,0
848.762,0,0
886.851,0,0
924.874,0,0
962.353,0,0
999.222,0,0
1035,0,0
1073.38,0,0
1106.95,0,0
1138.22,0,0
1167.64,0,0
1195.41,0,0
1227.74,0,0
1255.91,0,0
1286.14,0,0
1311.91,0,0
1337.3,0,0
1358.36,0,0
1377.89,0,0
1400.21,0,0
1417.13,0,0
1434.26,0,0
1447.85,0,0
1459,0,0
1476.21,0,0
1491.07,0,0
1504.26,0,0
1515.91,0,0
1526.01,0,0
1534.55,0,0
1541.51,0,0
1546.85,0,0
1550.72,0,0
1552.83,0,0
1553.45,0,0
1550.09,0,0
1541.3,0,0
1533.69,0,0
1527.54,0,0
1514.32,0,0
1500.04,0,0
1483.63,0,0
1465.77,0,0
1450.55,0,0
1434.29,0,0
1416.48,0,0
1397.09,0,0
1375.93,0,0
1353.21,0,0
1329.1,0,0
1303.47,0,0
1276.01,0,0
1247,0,0
1216.47,0,0
1184.05,0,0
1149.66,0,0
1114.38,0,0
1078.06,0,0
1040.73,0,0
1002.82,0,0
962.689,0,0
921.469,0,0
878.916,0,0
837.103,0,0
794.811,0,0
752.191,0,0
709.427,0,0
661.172,0,0
611.264,0,0
561.771,0,0
510.793,0,0
459.032,0,0
406.539,0,0
355.569,0,0
309.033,0,0
254.833,0,0
200.156,0,0
144.897,0,0
90.0505,0,0
39.4743,0,0
-15.7252,0,0
-62.9696,0,0
-119.518,0,0
-175.62,0,0
-232.265,0,0
-282.188,0,0
-338.361,0,0
-387.918,0,0
-435.763,0,0
-487.237,0,0
-531.208,0,0
-578.178,0,0
-622.653,0,0
-669.156,0,0
-708.097,0,0
-756.968,0,0
-800.61,0,0
-838.931,0,0
-875.191,0,0
-915.913,0,0
-954.784,0,0
-983.949,0,0
-1015.72,0,0
-1049.85,0,0
-1086.43,0,0
-1112.97,0,0
-1133.76,0,0
-1163.81,0,0
-1187.98,0,0
-1208.51,0,0
-1223.51,0,0
-1235.44,0,0
-1247.58,0,0
-1257.39,0,0
-1263.29,0,0
-1264.66,0,0
-1269.38,0,0
-1274.35,0,0
-1273.51,0,0
-1265.56,0,0
-1263.58,0,0
-1262.87,0,0
-1256.56,0,0
-1247.33,0,0
-1236.82,0,0
-1218.88,0,0
-1205.4,0,0
-1190.69,0,0
-1174.05,0,0
-1155.48,0,0
-1130.38,0,0
-1106.68,0,0
-1076.7,0,0
-1047.58,0,0
-1013.97,0,0
-981.731,0,0
-948.888,0,0
-914.568,0,0
-877.359,0,0
-841.309,0,0
-801.745,0,0
-762.617,0,0
-720.877,0,0
-680.276,0,0
-639.309,0,0
-597.656,0,0
-555.185,0,0
-512.548,0,0
-469.768,0,0
-426.675,0,0
-382.642,0,0
-338.718,0,0
-295.984,0,0
-251.339,0,0
-209.501,0,0
-164.57,0,0
-120.537,0,0
-75.6946,0,0
-29.4191,0,0
15.8137,0,0
60.9145,0,0
104.236,0,0
149.422,0,0
190.992,0,0
235.912,0,0
277.79,0,0
318.766,0,0
362.187,0,0
405.213,0,0
445.504,0,0
485.335,0,0
527.508,0,0
570.583,0,0
612.237,0,0
652.875,0,0
691.879,0,0
729.443,0,0
767.114,0,0
802.819,0,0
841.328,0,0
877.86,0,0
910.668,0,0
945.423,0,0
982.297,0,0
1017.9,0,0
1051.65,0,0
1083.27,0,0
1114.7,0,0
1145.44,0,0
1175.39,0,0
1203.08,0,0
1230.71,0,0
1257.3,0,0
1281.13,0,0
1303.62,0,0
1324.97,0,0
1346.52,0,0
1366.48,0,0
1382.87,0,0
1398.07,0,0
1412.74,0,0
1426.13,0,0
1436.97,0,0
1447.03,0,0
1455.16,0,0
1461.66,0,0
1466.13,0,0
1469.45,0,0
1471.04,0,0
1470.87,0,0
1469.04,0,0
1465.3,0,0
1460.03,0,0
1452.89,0,0
1444.01,0,0
1433.47,0,0
1421.27,0,0
1407.47,0,0
1392.02,0,0
1374.94,0,0
1356.24,0,0
1335.99,0,0
1314.17,0,0
1290.86,0,0
1266.04,0,0
1239.8,0,0
1212.01,0,0
1182.91,0,0
1152.54,0,0
1120.75,0,0
1087.8,0,0
1053.69,0,0
1018.35,0,0
981.919,0,0
944.58,0,0
906.065,0,0
866.726,0,0
826.472,0,0
785.415,0,0
743.453,0,0
700.716,0,0
657.427,0,0
613.597,0,0
569.216,0,0
524.39,0,0
478.96,0,0
433.171,0,0
387.101,0,0
340.772,0,0
294.163,0,0
247.401,0,0
200.554,0,0
153.696,0,0
106.871,0,0
60.1767,0,0
13.6385,0,0
-32.709,0,0
-78.5181,0,0
-124.552,0,0
-170.201,0,0
-215.328,0,0
-259.762,0,0
-304.259,0,0
-348.136,0,0
-391.166,0,0
-433.826,0,0
-475.438,0,0
-515.312,0,0
-555.304,0,0
-593.192,0,0
-630.561,0,0
-666.855,0,0
-702.129,0,0
-736.62,0,0
-770.246,0,0
-803.832,0,0
-836.649,0,0
-868.285,0,0
-896.647,0,0
-926.457,0,0
-954.808,0,0
-979.942,0,0
-1004.08,0,0
-1028.63,0,0
-1049.68,0,0
-1069.54,0,0
-1090.41,0,0
-1108.91,0,0
-1127.02,0,0
-1144.14,0,0
-1159.85,0,0
-1171.75,0,0
-1184.81,0,0
-1194.19,0,0
-1203.79,0,0
-1211.69,0,0
-1216.63,0,0
-1222.78,0,0
-1225.63,0,0
-1226.9,0,0
-1228.9,0,0
-1229.46,0,0
-1225.21,0,0
-1220.61,0,0
-1213.22,0,0
-1204.5,0,0
-1195.03,0,0
-1185.2,0,0
-1171.74,0,0
-1160.65,0,0
-1144.93,0,0
-1127.31,0,0
-1107.15,0,0
-1085.6,0,0
-1063.51,0,0
-1039.3,0,0
-1014.18,0,0
-987.179,0,0
-958.404,0,0
-927.444,0,0
-894.274,0,0
-860.315,0,0
-824.452,0,0
-786.47,0,0
-747.113,0,0
-706.271,0,0
-664.46,0,0
-620.62,0,0
-576.096,0,0
-531.17,0,0
-485.347,0,0
-436.684,0,0
-386.399,0,0
-336.486,0,0
-285.566,0,0
-232.625,0,0
-180.063,0,0
-126.942,0,0
-70.955,0,0
-15.1263,0,0
41.6979,0,0
99.1939,0,0
155.622,0,0
214.426,0,0
270.241,0,0
330.034,0,0
384.832,0,0
441.622,0,0
497.267,0,0
549.736,0,0
606.423,0,0
666.547,0,0
723.137,0,0
778.302,0,0
828.536,0,0
876.383,0,0
924.313,0,0
973.894,0,0
1029.27,0,0
1083.98,0,0
1137.92,0,0
1189.79,0,0
1231.25,0,0
1269.24,0,0
1305.49,0,0
1340.9,0,0
1374.57,0,0
1412.09,0,0
1455.96,0,0
1486.65,0,0
1518.83,0,0
1544.4,0,0
1571.4,0,0
1593.52,0,0
1613.89,0,0
1632.49,0,0
1649.29,0,0
1664.28,0,0
1677.27,0,0
1688.31,0,0
1697.5,0,0
1705.36,0,0
1722.03,0,0
1736.55,0,0
1749.04,0,0
1759.49,0,0
1767.83,0,0
1774.1,0,0
1767.65,0,0
1771.01,0,0
1769.88,0,0
1767.85,0,0
1763.66,0,0
1758.45,0,0
1749.8,0,0
1734.75,0,0
1722.17,0,0
1701.16,0,0
1677.36,0,0
1657.74,0,0
1636.74,0,0
1611.08,0,0
1583.99,0,0
1557.03,0,0
1527.69,0,0
1496.77,0,0
1461.45,0,0
1426.78,0,0
1389.81,0,0
1350.9,0,0
1310.34,0,0
1268.74,0,0
1225.74,0,0
1181.6,0,0
1135.56,0,0
1088.06,0,0
1039.11,0,0
988.909,0,0
938.317,0,0
887.363,0,0
834.993,0,0
782.65,0,0
726.999,0,0
670.206,0,0
614.114,0,0
560.124,0,0
505.762,0,0
451.178,0,0
396.343,0,0
341.295,0,0
282.406,0,0
221.396,0,0
160.116,0,0
102.118,0,0
46.2005,0,0
-8.63518,0,0
-68.0051,0,0
-126.247,0,0
-182.167,0,0
-239.328,0,0
-292.265,0,0
-343.614,0,0
-394.91,0,0
-451.724,0,0
-508.574,0,0
-564.566,0,0
-614.671,0,0
-663.102,0,0
-713.669,0,0
-761.206,0,0
-806.483,0,0
-853.54,0,0
-898.014,0,0
-941.841,0,0
-984.864,0,0
-1024.02,0,0
-1061.48,0,0
-1094.25,0,0
-1126.77,0,0
-1158.12,0,0
-1184.5,0,0
-1210.87,0,0
-1234.38,0,0
-1258.62,0,0
-1280.26,0,0
-1297.67,0,0
-1311.77,0,0
-1325.58,0,0
-1337.39,0,0
-1346.67,0,0
-1353.99,0,0
-1356.52,0,0
-1358.67,0,0
-1355.16,0,0
-1350.74,0,0
-1344.71,0,0
-1336.1,0,0
-1326.02,0,0
-1308.92,0,0
-1294.73,0,0
-1278.11,0,0
-1260.02,0,0
-1239.89,0,0
-1218.94,0,0
-1196.16,0,0
-1170.19,0,0
-1141.79,0,0
-1112.22,0,0
-1079.23,0,0
-1044.81,0,0
-1008.7,0,0
-971.821,0,0
-932.946,0,0
-891.75,0,0
-849.888,0,0
-808.506,0,0
-764.481,0,0
-720.338,0,0
-673.948,0,0
-626.787,0,0
-578.907,0,0
-529.703,0,0
-480.006,0,0
-430.059,0,0
-379.851,0,0
-328.799,0,0
-277.607,0,0
-226.314,0,0
-174.938,0,0
-122.859,0,0
-70.0097,0,0
-16.8518,0,0
36.3231,0,0
88.6736,0,0
141.45,0,0
193.907,0,0
246.218,0,0
296.116,0,0
346.037,0,0
396.888,0,0
446.404,0,0
498.404,0,0
550.394,0,0
601.646,0,0
651.242,0,0
698.747,0,0
746.185,0,0
793.212,0,0
839.426,0,0
886.211,0,0
933.228,0,0
980.609,0,0
1026.96,0,0
1071.21,0,0
1113.22,0,0
1156.46,0,0
1198.11,0,0
1238.7,0,0
1278.34,0,0
1313.98,0,0
1349.17,0,0
1384.72,0,0
1419.01,0,0
1452.85,0,0
1485.81,0,0
1516.74,0,0
1546.19,0,0
1574.13,0,0
1600.54,0,0
1625.04,0,0
1647.46,0,0
1669.25,0,0
1688.96,0,0
1706.87,0,0
1722.83,0,0
1737.8,0,0
1750.93,0,0
1762.16,0,0
1771.59,0,0
1779.79,0,0
1786.66,0,0
1791.14,0,0
1793.82,0,0
1794.53,0,0
1794.1,0,0
1791.22,0,0
1786.5,0,0
1780.2,0,0
1771.64,0,0
1761.21,0,0
1748.92,0,0
1735.24,0,0
1720.21,0,0
1703.38,0,0
1683.75,0,0
1662.21,0,0
1639.48,0,0
1615.56,0,0
1589.65,0,0
1562.17,0,0
1532.3,0,0
1500.74,0,0
1468.14,0,0
1434.16,0,0
1398.74,0,0
1361.8,0,0
1323.33,0,0
1283.36,0,0
1241.9,0,0
1199.26,0,0
1155.32,0,0
1110.27,0,0
1064.1,0,0
1016.93,0,0
968.78,0,0
919.796,0,0
869.971,0,0
818.899,0,0
766.522,0,0
713.511,0,0
659.263,0,0
604.746,0,0
549.243,0,0
495.463,0,0
441.859,0,0
385.706,0,0
327.907,0,0
273.476,0,0
219.025,0,0
162.669,0,0
105.661,0,0
47.597,0,0
-10.447,0,0
-66.2125,0,0
-124.402,0,0
-182.587,0,0
-234.653,0,0
-289.553,0,0
-339.764,0,0
-395.666,0,0
-447.703,0,0
-503.066,0,0
-553.571,0,0
-599.673,0,0
-644.068,0,0
-689.352,0,0
-737.223,0,0
-783.731,0,0
-824.645,0,0
-864.15,0,0
-900.772,0,0
-938.973,0,0
-979.069,0,0
-1015,0,0
-1050.62,0,0
-1085.96,0,0
-1123.92,0,0
-1160.69,0,0
-1191.82,0,0
-1215.15,0,0
-1242.67,0,0
-1273.53,0,0
-1302.12,0,0
-1327.85,0,0
-1353.06,0,0
-1371.62,0,0
-1385.58,0,0
-1403.2,0,0
-1420.2,0,0
-1436.39,0,0
-1450.72,0,0
-1462.84,0,0
-1472.63,0,0
-1474.57,0,0
-1475.22,0,0
-1479.1,0,0
-1481.74,0,0
-1481.45,0,0
-1477.7,0,0
-1473.7,0,0
-1466.47,0,0
-1454.58,0,0
-1447.61,0,0
-1431.45,0,0
-1413.75,0,0
-1397.23,0,0
-1379.6,0,0
-1356.61,0,0
-1334.49,0,0
-1308.73,0,0
-1280.61,0,0
-1251.51,0,0
-1219.84,0,0
-1189.99,0,0
-1156.64,0,0
-1123.88,0,0
-1087.55,0,0
-1049.18,0,0
-1010.47,0,0
-969.609,0,0
-926.741,0,0
-882.94,0,0
-837.938,0,0
-790.224,0,0
-742.288,0,0
-693.11,0,0
-641.319,0,0
-588.524,0,0
-533.718,0,0
-477.991,0,0
-423.199,0,0
-366.907,0,0
-306.77,0,0
-249.427,0,0
-190.109,0,0
-126.326,0,0
-68.6035,0,0
-9.48425,0,0
48.8525,0,0
111.015,0,0
173.917,0,0
238.806,0,0
304.03,0,0
371.445,0,0
437.158,0,0
496.487,0,0
558.573,0,0
619.984,0,0
683.175,0,0
745.562,0,0
806.99,0,0
866.614,0,0
924.488,0,0
987.848,0,0
1040.54,0,0
1099.14,0,0
1148.91,0,0
1196.43,0,0
1242.38,0,0
1288.62,0,0
1337.54,0,0
1387.6,0,0
1437.3,0,0
1486.14,0,0
1533.98,0,0
1578.42,0,0
1611.98,0,0
1645.77,0,0
1684.45,0,0
1719.98,0,0
1753.61,0,0
1777.66,0,0
1806.31,0,0
1833.73,0,0
1859.05,0,0
1877.71,0,0
1898.1,0,0
1916.12,0,0
1931.6,0,0
1945.76,0,0
1950.79,0,0
1952.75,0,0
1958.47,0,0
1955.93,0,0
1953.91,0,0
1949.6,0,0
1939.69,0,0
1933.66,0,0
1924.41,0,0
1912.6,0,0
1894.21,0,0
1875.89,0,0
1857.07,0,0
1835.97,0,0
1812.51,0,0
1784.36,0,0
1755,0,0
1723.96,0,0
1690.97,0,0
1656.8,0,0
1620.68,0,0
1581.35,0,0
1540.44,0,0
1497.87,0,0
1453.77,0,0
1408.07,0,0
1361.07,0,0
1312.39,0,0
1262.19,0,0
1210.8,0,0
1158.21,0,0
1104.05,0,0
1048.34,0,0
991.576,0,0
933.448,0,0
875.261,0,0
815.943,0,0
755.879,0,0
695.275,0,0
633.146,0,0
570.262,0,0
506.815,0,0
443.861,0,0
379.555,0,0
314.959,0,0
250.142,0,0
186.293,0,0
121.32,0,0
56.3534,0,0
-8.46744,0,0
-73.3672,0,0
-137.751,0,0
-201.791,0,0
-265.74,0,0
-329.417,0,0
-392.421,0,0
-454.037,0,0
-513.971,0,0
-573.612,0,0
-632.363,0,0
-689.956,0,0
-746.51,0,0
-802.57,0,0
-857.617,0,0
-910.769,0,0
-962.79,0,0
-1014.1,0,0
-1063.38,0,0
-1110.83,0,0
-1156.79,0,0
-1201.02,0,0
-1243.04,0,0
-1282.67,0,0
-1320.73,0,0
-1356.92,0,0
-1390.31,0,0
-1421.91,0,0
-1450.92,0,0
-1477.51,0,0
-1501.61,0,0
-1523.14,0,0
-1542.23,0,0
-1559.08,0,0
-1573.31,0,0
-1584.05,0,0
-1592.58,0,0
-1598.34,0,0
-1601.08,0,0
-1602.78,0,0
-1599.93,0,0
-1594.06,0,0
-1585.53,0,0
-1574.79,0,0
-1560.66,0,0
-1543.69,0,0
-1525.72,0,0
-1506.14,0,0
-1480.74,0,0
-1453.11,0,0
-1425.43,0,0
-1395.83,0,0
-1361.78,0,0
-1327.02,0,0
-1291.74,0,0
-1255,0,0
-1212.51,0,0
-1167.98,0,0
-1125.18,0,0
-1082.12,0,0
-1037.96,0,0
-988.844,0,0
-939.475,0,0
-890.162,0,0
-839.523,0,0
-788.446,0,0
-736.091,0,0
-681.896,0,0
-628.339,0,0
-572.682,0,0
-516.795,0,0
-460.861,0,0
-404.282,0,0
-347.483,0,0
-290.399,0,0
-232.987,0,0
-175.122,0,0
-117.979,0,0
-60.7074,0,0
-6.58598,0,0
48.0033,0,0
101.353,0,0
158.84,0,0
216.286,0,0
271.261,0,0
326.324,0,0
385.7,0,0
440.767,0,0
495.084,0,0
553.533,0,0
608.306,0,0
664.448,0,0
719.831,0,0
775.532,0,0
830.54,0,0
879.475,0,0
929.518,0,0
977.081,0,0
1024.56,0,0
1076.61,0,0
1125.79,0,0
1173.61,0,0
1218.01,0,0
1268.3,0,0
1313.01,0,0
1359.48,0,0
1404.85,0,0
1446.56,0,0
1488.65,0,0
1525.97,0,0
1565.46,0,0
1604.53,0,0
1641.38,0,0
1677.72,0,0
1713.1,0,0
1745.81,0,0
1771.22,0,0
1799.96,0,0
1829.24,0,0
1853.58,0,0
1878.24,0,0
1902.69,0,0
1924.66,0,0
1945.15,0,0
1963.91,0,0
1977.37,0,0
1991.91,0,0
2004.96,0,0
2015.8,0,0
2020.37,0,0
2023.57,0,0
2021.16,0,0
2016.64,0,0
2009.9,0,0
2006.61,0,0
1995.78,0,0
1988.69,0,0
1976.37,0,0
1959.61,0,0
1944.89,0,0
1925.7,0,0
1901.9,0,0
1876.02,0,0
1849.52,0,0
1819.69,0,0
1789.73,0,0
1759.53,0,0
1727.23,0,0
1692.85,0,0
1656.3,0,0
1617.69,0,0
1577.04,0,0
1534.42,0,0
1488.25,0,0
1441.61,0,0
1392.69,0,0
1342.25,0,0
1290.24,0,0
1237.06,0,0
1181.93,0,0
1126.25,0,0
1069.46,0,0
1011.75,0,0
953.114,0,0
893.772,0,0
830.078,0,0
769.093,0,0
706.939,0,0
644.781,0,0
577.003,0,0
510.373,0,0
446.976,0,0
384.558,0,0
320.847,0,0
254.468,0,0
183.176,0,0
111.556,0,0
46.9817,0,0
-19.5863,0,0
-90.5958,0,0
-162.549,0,0
-235.689,0,0
-305.767,0,0
-371.85,0,0
-433.187,0,0
-493.73,0,0
-562.329,0,0
-631.024,0,0
-698.71,0,0
-765.435,0,0
-831.736,0,0
-896.214,0,0
-952.697,0,0
-1010.72,0,0
-1060,0,0
-1109.34,0,0
-1166.09,0,0
-1222.89,0,0
-1278.22,0,0
-1332.27,0,0
-1384.68,0,0
-1424.95,0,0
-1473.28,0,0
-1507.98,0,0
-1540.31,0,0
-1581.54,0,0
-1621.87,0,0
-1659.97,0,0
-1695.86,0,0
-1718.74,0,0
-1744.83,0,0
-1773.81,0,0
-1802.53,0,0
-1819.59,0,0
-1835.9,0,0
-1856.32,0,0
-1864.23,0,0
-1869.67,0,0
-1872.65,0,0
-1873.86,0,0
-1876.91,0,0
-1875.52,0,0
-1875.06,0,0
-1871.2,0,0
-1861.18,0,0
-1852.31,0,0
-1839.09,0,0
-1823.11,0,0
-1810.01,0,0
-1791.18,0,0
-1773.93,0,0
-1756.37,0,0
-1732.49,0,0
-1705.82,0,0
-1676.42,0,0
-1644.83,0,0
-1613.86,0,0
-1579.8,0,0
-1542.83,0,0
-1503.91,0,0
-1463.12,0,0
-1421.15,0,0
-1375.17,0,0
-1329.74,0,0
-1281.17,0,0
-1233.07,0,0
-1182.5,0,0
-1128.32,0,0
-1073.29,0,0
-1015.01,0,0
-954.875,0,0
-893.609,0,0
-830.994,0,0
-768.668,0,0
-703.143,0,0
-635.377,0,0
-566.135,0,0
-497.23,0,0
-425.426,0,0
-353.16,0,0
-280.007,0,0
-206.471,0,0
-133.172,0,0
-59.2061,0,0
14.3116,0,0
87.9648,0,0
161.49,0,0
233.757,0,0
308.545,0,0
380.523,0,0
453.894,0,0
526.61,0,0
596.346,0,0
665.824,0,0
736.809,0,0
806.88,0,0
875.076,0,0
941.566,0,0
1008.64,0,0
1071.88,0,0
1132.77,0,0
1195.02,0,0
1253.97,0,0
1313.82,0,0
1371.33,0,0
1426.18,0,0
1481.15,0,0
1531.79,0,0
1581.16,0,0
1630.39,0,0
1677.3,0,0
1722,0,0
1762.4,0,0
1802.29,0,0
1840.18,0,0
1875.68,0,0
1906.75,0,0
1935.98,0,0
1962.74,0,0
1988.29,0,0
2010.25,0,0
2029.45,0,0
2046.29,0,0
2061.11,0,0
2073.4,0,0
2082.42,0,0
2089.43,0,0
2093.74,0,0
2095.14,0,0
2093.96,0,0
2090.27,0,0
2084.09,0,0
2075.5,0,0
2064.42,0,0
2050.8,0,0
2034.7,0,0
2016.13,0,0
1995.1,0,0
1971.67,0,0
1945.88,0,0
1917.74,0,0
1887.33,0,0
1854.66,0,0
1819.82,0,0
1782.84,0,0
1743.71,0,0
1702.49,0,0
1659.27,0,0
1614.16,0,0
1567.3,0,0
1518.49,0,0
1467.82,0,0
1415.55,0,0
1361.66,0,0
1306.24,0,0
1249.45,0,0
1191.29,0,0
1131.77,0,0
1070.78,0,0
1008.59,0,0
945.269,0,0
880.774,0,0
815.22,0,0
749.117,0,0
682.127,0,0
614.462,0,0
545.941,0,0
476.841,0,0
407.29,0,0
337.265,0,0
266.896,0,0
196.248,0,0
125.396,0,0
54.4521,0,0
-16.4484,0,0
-87.3505,0,0
-158.199,0,0
-228.873,0,0
-299.461,0,0
-369.405,0,0
-438.94,0,0
-508.12,0,0
-575.961,0,0
-643.661,0,0
-709.948,0,0
-774.644,0,0
-839.459,0,0
-903.474,0,0
-966.602,0,0
-1027.93,0,0
-1087.85,0,0
-1146.28,0,0
-1202.49,0,0
-1258.05,0,0
-1312.2,0,0
-1365.03,0,0
-1416.73,0,0
-1464.73,0,0
-1512.09,0,0
-1556.49,0,0
-1597.48,0,0
-1637.78,0,0
-1675.61,0,0
-1710.06,0,0
-1742.78,0,0
-1774.07,0,0
-1802.93,0,0
-1828.15,0,0
-1850.66,0,0
-1870.91,0,0
-1887.53,0,0
-1904.12,0,0
-1915.63,0,0
-1925.98,0,0
-1932.25,0,0
-1936.35,0,0
-1938.89,0,0
-1938.12,0,0
-1933.92,0,0
-1927.65,0,0
-1918.25,0,0
-1905.91,0,0
-1891.57,0,0
-1873.49,0,0
-1852.82,0,0
-1830.78,0,0
-1804.85,0,0
-1775.26,0,0
-1743.15,0,0
-1708.13,0,0
-1670.01,0,0
-1628.94,0,0
-1584.88,0,0
-1539.31,0,0
-1494.94,0,0
-1449.24,0,0
-1399.59,0,0
-1346.65,0,0
-1294.46,0,0
-1239.52,0,0
-1183.14,0,0
-1122.6,0,0
-1062.01,0,0
-1000.45,0,0
-938.735,0,0
-875.191,0,0
-810.269,0,0
-745.107,0,0
-677.627,0,0
-610.086,0,0
-543.263,0,0
-473.108,0,0
-402.026,0,0
-330.396,0,0
-259.316,0,0
-186.496,0,0
-116.58,0,0
-44.2045,0,0
29.559,0,0
96.6586,0,0
167.005,0,0
242.31,0,0
318.084,0,0
392.125,0,0
466.398,0,0
539.317,0,0
612.702,0,0
687.72,0,0
751.674,0,0
820.267,0,0
889.742,0,0
952.611,0,0
1012.65,0,0
1073.75,0,0
1138.72,0,0
1206.44,0,0
1272.78,0,0
1338.65,0,0
1395.26,0,0
1456.92,0,0
1513.83,0,0
1572.39,0,0
1625.74,0,0
1685.33,0,0
1735.68,0,0
1782.08,0,0
1825.68,0,0
1866.03,0,0
1901.21,0,0
1935.24,0,0
1975.77,0,0
2018.31,0,0
2053.25,0,0
2084.95,0,0
2119.9,0,0
2155.88,0,0
2177.71,0,0
2202.21,0,0
2226.4,0,0
2240.79,0,0
2252.73,0,0
2266.3,0,0
2285.77,0,0
2288.93,0,0
2292.58,0,0
2297.92,0,0
2304.86,0,0
2299.84,0,0
2295.99,0,0
2291.28,0,0
2286.91,0,0
2277.91,0,0
2260.91,0,0
2248.09,0,0
2232.5,0,0
2214.12,0,0
2192.96,0,0
2168.81,0,0
2139.13,0,0
2109.7,0,0
2077.59,0,0
2042.82,0,0
2005.46,0,0
1962.26,0,0
1919.86,0,0
1872.4,0,0
1823.27,0,0
1771.55,0,0
1719.38,0,0
1664.01,0,0
1607.59,0,0
1548.8,0,0
1488.3,0,0
1426.19,0,0
1362.37,0,0
1296.29,0,0
1228.55,0,0
1160.09,0,0
1091.51,0,0
1019.55,0,0
947.826,0,0
873.076,0,0
797.067,0,0
724.205,0,0
651.005,0,0
572.613,0,0
493.263,0,0
413.643,0,0
333.567,0,0
253.158,0,0
177.992,0,0
100.339,0,0
21.7072,0,0
-58.8152,0,0
-133.021,0,0
-213.345,0,0
-290.66,0,0
-370.679,0,0
-448.936,0,0
-519.662,0,0
-592.662,0,0
-668.236,0,0
-742.422,0,0
-813.083,0,0
-884.622,0,0
-954.795,0,0
-1016.97,0,0
-1080.11,0,0
-1146.77,0,0
-1205.46,0,0
-1260.76,0,0
-1313.99,0,0
-1365.52,0,0
-1416.96,0,0
-1470.87,0,0
-1518.77,0,0
-1565.54,0,0
-1612.22,0,0
-1656.59,0,0
-1698.68,0,0
-1736.53,0,0
-1772.6,0,0
-1804.81,0,0
-1835.52,0,0
-1864.62,0,0
-1891.03,0,0
-1914.64,0,0
-1931.46,0,0
-1946.5,0,0
-1958.46,0,0
-1968.33,0,0
-1974.17,0,0
-1977.64,0,0
-1980.74,0,0
-1981.69,0,0
-1980.13,0,0
-1976.19,0,0
-1967.38,0,0
-1958.02,0,0
-1946.05,0,0
-1930.62,0,0
-1912.23,0,0
-1890.43,0,0
-1866.77,0,0
-1840.4,0,0
-1813.24,0,0
-1782.63,0,0
-1749.07,0,0
-1714.58,0,0
-1677.63,0,0
-1639.19,0,0
-1598.05,0,0
-1554.38,0,0
-1507.99,0,0
-1459.16,0,0
-1408.41,0,0
-1356.66,0,0
-1302.8,0,0
-1247.44,0,0
-1191.83,0,0
-1132.78,0,0
-1071.96,0,0
-1009.84,0,0
-945.928,0,0
-882.79,0,0
-818.357,0,0
-751.162,0,0
-682.44,0,0
-612.101,0,0
-540.912,0,0
-468.491,0,0
-396.272,0,0
-323.357,0,0
-248.904,0,0
-173.797,0,0
-97.7271,0,0
-20.7179,0,0
56.5151,0,0
133.541,0,0
210.866,0,0
288.286,0,0
363.984,0,0
440.154,0,0
516.178,0,0
591.924,0,0
668.226,0,0
743.653,0,0
818.656,0,0
893.28,0,0
967.213,0,0
1039.98,0,0
1111.52,0,0
1182.2,0,0
1251.66,0,0
1319.87,0,0
1386.61,0,0
1452.17,0,0
1515.59,0,0
1577.68,0,0
1638.38,0,0
1697.99,0,0
1756.05,0,0
1811.37,0,0
1864.99,0,0
1916.56,0,0
1966,0,0
2012.63,0,0
2056.86,0,0
2099.33,0,0
2139,0,0
2176.07,0,0
2210.92,0,0
2243.32,0,0
2272.96,0,0
2299.7,0,0
2324.57,0,0
2346.45,0,0
2366.08,0,0
2382.68,0,0
2396.09,0,0
2407.18,0,0
2415.5,0,0
2421.27,0,0
2424.32,0,0
2424.51,0,0
2421.81,0,0
2416.13,0,0
2407.27,0,0
2396.42,0,0
2382.81,0,0
2366.45,0,0
2347.39,0,0
2325.67,0,0
2301.47,0,0
2274.47,0,0
2244.5,0,0
2211.79,0,0
2177.13,0,0
2139.01,0,0
2099.43,0,0
2057.44,0,0
2012.65,0,0
1966.03,0,0
1916.48,0,0
1864.66,0,0
1810.83,0,0
1755.39,0,0
1698.02,0,0
1638.72,0,0
1577.52,0,0
1514.41,0,0
1449.61,0,0
1383.3,0,0
1315.14,0,0
1245.37,0,0
1174.09,0,0
1101.42,0,0
1027.45,0,0
952.277,0,0
875.932,0,0
798.444,0,0
719.907,0,0
642.625,0,0
565.001,0,0
483.458,0,0
401.926,0,0
319.712,0,0
237.02,0,0
155.4,0,0
74.1277,0,0
-9.25465,0,0
-89.8166,0,0
-171.538,0,0
-251.74,0,0
-335.071,0,0
-418.219,0,0
-501.223,0,0
-577.149,0,0
-653.476,0,0
-734.303,0,0
-814.624,0,0
-894.142,0,0
-973.088,0,0
-1050.09,0,0
-1123.94,0,0
-1198.06,0,0
-1269.15,0,0
-1338.64,0,0
-1401.95,0,0
-1471.35,0,0
-1539.14,0,0
-1604.03,0,0
-1665.56,0,0
-1724.86,0,0
-1772.94,0,0
-1826.92,0,0
-1880.38,0,0
-1932.16,0,0
-1975.77,0,0
-2020.76,0,0
-2061.01,0,0
-2093.44,0,0
-2125.61,0,0
-2159.45,0,0
-2192.81,0,0
-2221.38,0,0
-2241.93,0,0
-2263.23,0,0
-2284.19,0,0
-2301.26,0,0
-2313.98,0,0
-2325.15,0,0
-2330.08,0,0
-2332.14,0,0
-2330.72,0,0
-2328.51,0,0
-2316.42,0,0
-2304.28,0,0
-2289.43,0,0
-2273.79,0,0
-2251.99,0,0
-2225.98,0,0
-2195.53,0,0
-2164.02,0,0
-2128.46,0,0
-2092.36,0,0
-2050.21,0,0
-2009.39,0,0
-1963.25,0,0
-1914.37,0,0
-1864.2,0,0
-1808.55,0,0
-1753.92,0,0
-1694.94,0,0
-1636.8,0,0
-1574.87,0,0
-1510.6,0,0
-1444.78,0,0
-1376.67,0,0
-1307.52,0,0
-1235.62,0,0
-1162.54,0,0
-1087.77,0,0
-1011.48,0,0
-933.254,0,0
-853.856,0,0
-773.292,0,0
-691.582,0,0
-608.995,0,0
-525.417,0,0
-443.696,0,0
-360.832,0,0
-281.99,0,0
-203.163,0,0
-123.806,0,0
-43.2519,0,0
42.3066,0,0
127.43,0,0
212.226,0,0
298.2,0,0
384.922,0,0
464.519,0,0
541.621,0,0
626.581,0,0
711.511,0,0
795.701,0,0
876.738,0,0
952.964,0,0
1031.58,0,0
1105.18,0,0
1179.41,0,0
1252.26,0,0
1324.78,0,0
1398.69,0,0
1473.32,0,0
1540.08,0,0
1606.22,0,0
1673.04,0,0
1739.06,0,0
1794.16,0,0
1847.84,0,0
1903.18,0,0
1962.6,0,0
2018.75,0,0
2066.51,0,0
2115.76,0,0
2159.1,0,0
2202.6,0,0
2242.46,0,0
2279.32,0,0
2317.99,0,0
2353.66,0,0
2386.03,0,0
2415.3,0,0
2437.91,0,0
2458.63,0,0
2475.61,0,0
2489.54,0,0
2501.05,0,0
2507.57,0,0
2510.8,0,0
2511.31,0,0
2508.98,0,0
2507,0,0
2501.08,0,0
2492.15,0,0
2480.25,0,0
2464.87,0,0
2444.89,0,0
2419.81,0,0
2391.87,0,0
2361.05,0,0
2327.42,0,0
2293.58,0,0
2257.15,0,0
2216.51,0,0
2174.28,0,0
2129.25,0,0
2080.6,0,0
2030.07,0,0
1975.76,0,0
1919.19,0,0
1861.1,0,0
1800.02,0,0
1736.8,0,0
1671.62,0,0
1604.37,0,0
1535.33,0,0
1464.36,0,0
1391.52,0,0
1317.3,0,0
1241.32,0,0
1163.81,0,0
1084.81,0,0
1004.46,0,0
922.862,0,0
840.199,0,0
757.413,0,0
673.863,0,0
589.68,0,0
504.913,0,0
419.693,0,0
334.102,0,0
248.285,0,0
161.144,0,0
73.9823,0,0
-13.0906,0,0
-100.052,0,0
-186.674,0,0
-272.872,0,0
-358.757,0,0
-442.912,0,0
-526.173,0,0
-609.38,0,0
-691.17,0,0
-772.268,0,0
-852.002,0,0
-930.729,0,0
-1007.73,0,0
-1082.79,0,0
-1156.51,0,0
-1228.64,0,0
-1298.95,0,0
-1367.62,0,0
-1434.43,0,0
-1498.99,0,0
-1561.52,0,0
-1621.98,0,0
-1680.38,0,0
-1736.7,0,0
-1790.09,0,0
-1841.43,0,0
-1889.8,0,0
-1936.08,0,0
-1979.48,0,0
-2020.69,0,0
-2058.77,0,0
-2094.1,0,0
-2126.34,0,0
-2156.32,0,0
-2183.26,0,0
-2207.67,0,0
-2229.24,0,0
-2247.53,0,0
-2262.73,0,0
-2275.78,0,0
-2285.44,0,0
-2292.09,0,0
-2296.25,0,0
-2297.35,0,0
-2295.79,0,0
-2291.24,0,0
-2283.31,0,0
-2272.88,0,0
-2259.05,0,0
-2242.62,0,0
-2223.55,0,0
-2200.93,0,0
-2175.78,0,0
-2147.83,0,0
-2117.87,0,0
-2085.65,0,0
-2049.89,0,0
-2011.77,0,0
-1970.41,0,0
-1927.79,0,0
-1882.31,0,0
-1835.28,0,0
-1785.8,0,0
-1733.35,0,0
-1679.1,0,0
-1623.05,0,0
-1564.36,0,0
-1504.66,0,0
-1442.26,0,0
-1377.61,0,0
-1310.82,0,0
-1242.73,0,0
-1171.98,0,0
-1098.96,0,0
-1024.43,0,0
-948.695,0,0
-871.706,0,0
-793.51,0,0
-713.885,0,0
-633.348,0,0
-551.819,0,0
-470.048,0,0
-386.621,0,0
-302.217,0,0
-216.992,0,0
-131.165,0,0
-45.7192,0,0
40.794,0,0
128.124,0,0
214.706,0,0
301.29,0,0
387.821,0,0
474.225,0,0
561.393,0,0
646.859,0,0
732.232,0,0
818.527,0,0
903.684,0,0
988.956,0,0
1073.23,0,0
1154.8,0,0
1235.89,0,0
1316.06,0,0
1395.37,0,0
1471.86,0,0
1548.67,0,0
1623.5,0,0
1693.08,0,0
1760.11,0,0
1825.16,0,0
1891.64,0,0
1958.03,0,0
2022.12,0,0
2083.74,0,0
2143.44,0,0
2201.03,0,0
2256.22,0,0
2308.81,0,0
2358.65,0,0
2405.97,0,0
2450.58,0,0
2486.45,0,0
2518.68,0,0
2554.34,0,0
2587.55,0,0
2611.89,0,0
2637.58,0,0
2661.65,0,0
2682.69,0,0
2700.34,0,0
2708.13,0,0
2712.75,0,0
2714.17,0,0
2712.46,0,0
2712.95,0,0
2704.84,0,0
2693.58,0,0
2679.17,0,0
2661.7,0,0
2641.81,0,0
2618.09,0,0
2593.31,0,0
2568.98,0,0
2536.88,0,0
2501.21,0,0
2462.62,0,0
2423.4,0,0
2381.41,0,0
2334.41,0,0
2284.81,0,0
2232.53,0,0
2179.21,0,0
2123.74,0,0
2064.36,0,0
2004.3,0,0
1940,0,0
1873.42,0,0
1805.1,0,0
1734.92,0,0
1662.34,0,0
1587.54,0,0
1510.62,0,0
1431.53,0,0
1352.12,0,0
1271.03,0,0
1187.45,0,0
1103.96,0,0
1016.56,0,0
930.796,0,0
839.981,0,0
747.903,0,0
653.866,0,0
564.786,0,0
473.042,0,0
376.86,0,0
279.927,0,0
182.352,0,0
92.7005,0,0
-5.62667,0,0
-104.224,0,0
-204.298,0,0
-297.628,0,0
-391.658,0,0
-487.668,0,0
-577.066,0,0
-664.407,0,0
-751.195,0,0
-837.095,0,0
-924.787,0,0
-1010.57,0,0
-1096.63,0,0
-1188.58,0,0
-1279.25,0,0
-1368.13,0,0
-1452.64,0,0
-1538.44,0,0
-1617.26,0,0
-1699.75,0,0
-1774.75,0,0
-1849.36,0,0
-1921.61,0,0
-1993.61,0,0
-2065.69,0,0
-2129.18,0,0
-2187.95,0,0
-2252.87,0,0
-2306.86,0,0
-2358.67,0,0
-2412.98,0,0
-2460.14,0,0
-2507.43,0,0
-2541.53,0,0
-2574.42,0,0
-2611.85,0,0
-2638.22,0,0
-2669.4,0,0
-2696.44,0,0
-2717.6,0,0
-2738.92,0,0
-2756.58,0,0
-2759.54,0,0
-2762.8,0,0
-2761.1,0,0
-2758.55,0,0
-2748.96,0,0
-2738.95,0,0
-2729.36,0,0
-2710.68,0,0
-2691.83,0,0
-2671.13,0,0
-2648.13,0,0
-2619.9,0,0
-2586.39,0,0
-2550.65,0,0
-2508.82,0,0
-2464.38,0,0
-2414.5,0,0
-2359.27,0,0
-2301.06,0,0
-2239.59,0,0
-2179.26,0,0
-2118.42,0,0
-2051.7,0,0
-1982.44,0,0
-1911.66,0,0
-1838.13,0,0
-1762.37,0,0
-1684.97,0,0
-1605.74,0,0
-1523.51,0,0
-1439.5,0,0
-1353.87,0,0
-1266.45,0,0
-1177.74,0,0
-1087.41,0,0
-995.409,0,0
-903.234,0,0
-809.559,0,0
-715.188,0,0
-620.348,0,0
-524.136,0,0
-427.472,0,0
-330.399,0,0
-234.941,0,0
-135.481,0,0
-38.0352,0,0
58.4556,0,0
155.62,0,0
253.32,0,0
349.909,0,0
447.02,0,0
540.865,0,0
634.48,0,0
730.181,0,0
825.512,0,0
917.946,0,0
1009.57,0,0
1098.74,0,0
1182.42,0,0
1266.9,0,0
1351.01,0,0
1434.22,0,0
1512.87,0,0
1591.14,0,0
1668.23,0,0
1743.8,0,0
1815.79,0,0
1885.71,0,0
1954.09,0,0
2018.63,0,0
2079.87,0,0
2139.38,0,0
2197.29,0,0
2252.93,0,0
2303.72,0,0
2353.34,0,0
2399.89,0,0
2442.04,0,0
2482.72,0,0
2519.62,0,0
2552.75,0,0
2583.23,0,0
2611,0,0
2635.5,0,0
2656.44,0,0
2673.98,0,0
2687.92,0,0
2698.94,0,0
2706.25,0,0
2709.96,0,0
2710.24,0,0
2706.99,0,0
2700.44,0,0
2690.55,0,0
2677.42,0,0
2660.97,0,0
2641.05,0,0
2617.72,0,0
2591.18,0,0
2561.4,0,0
2528.42,0,0
2492.29,0,0
2453.05,0,0
2410.78,0,0
2365.44,0,0
2317.09,0,0
2265.81,0,0
2211.8,0,0
2155.03,0,0
2095.48,0,0
2033.35,0,0
1968.83,0,0
1901.73,0,0
1832.29,0,0
1760.47,0,0
1686.36,0,0
1610.29,0,0
1532.32,0,0
1452.47,0,0
1370.8,0,0
1287.3,0,0
1202.35,0,0
1115.82,0,0
1027.98,0,0
938.755,0,0
848.485,0,0
757.234,0,0
664.904,0,0
571.81,0,0
478.058,0,0
383.745,0,0
288.934,0,0
193.772,0,0
98.3789,0,0
2.87105,0,0
-92.6246,0,0
-187.967,0,0
-282.91,0,0
-377.456,0,0
-471.539,0,0
-565.117,0,0
-658.235,0,0
-750.432,0,0
-841.665,0,0
-931.193,0,0
-1019.5,0,0
-1106.91,0,0
-1193.35,0,0
-1278.08,0,0
-1361.28,0,0
-1443.25,0,0
-1523.17,0,0
-1600.89,0,0
-1676.89,0,0
-1749.84,0,0
-1821.12,0,0
-1889.23,0,0
-1956.19,0,0
-2019.23,0,0
-2081.82,0,0
-2141.95,0,0
-2198.38,0,0
-2251.16,0,0
-2301.26,0,0
-2348.78,0,0
-2392.94,0,0
-2433.88,0,0
-2471.51,0,0
-2508.48,0,0
-2539.69,0,0
-2569.44,0,0
-2593.72,0,0
-2615.69,0,0
-2636.58,0,0
-2655.21,0,0
-2670.3,0,0
-2679.12,0,0
-2684.87,0,0
-2687.69,0,0
-2685.72,0,0
-2683.99,0,0
-2678.5,0,0
-2667.01,0,0
-2652.66,0,0
-2635.38,0,0
-2618.46,0,0
-2597.44,0,0
-2570.32,0,0
-2541.34,0,0
-2507.72,0,0
-2471.95,0,0
-2434.22,0,0
-2391.97,0,0
-2347.11,0,0
-2299.78,0,0
-2249.69,0,0
-2196.21,0,0
-2141.34,0,0
-2082.92,0,0
-2022.61,0,0
-1960.81,0,0
-1896.31,0,0
-1828.55,0,0
-1758.06,0,0
-1685.29,0,0
-1610.91,0,0
-1533.86,0,0
-1455.72,0,0
-1373.97,0,0
-1290.47,0,0
-1206.73,0,0
-1119.66,0,0
-1030.14,0,0
-938.994,0,0
-847.784,0,0
-754.086,0,0
-659.577,0,0
-564.087,0,0
-470.066,0,0
-371.678,0,0
-274.575,0,0
-174.262,0,0
-73.2987,0,0
28.8269,0,0
127.001,0,0
228.273,0,0
327.056,0,0
425.63,0,0
520.273,0,0
614.113,0,0
707.35,0,0
800.882,0,0
896.132,0,0
992.881,0,0
1092.36,0,0
1182.36,0,0
1270.49,0,0
1356.76,0,0
1444.17,0,0
1533.83,0,0
1621.38,0,0
1711.93,0,0
1800.76,0,0
1887.06,0,0
1972.1,0,0
2053.62,0,0
2122.6,0,0
2188.2,0,0
2255.36,0,0
2323.1,0,0
2386.84,0,0
2447.51,0,0
2507.44,0,0
2565.69,0,0
2622.43,0,0
2674.74,0,0
2720.97,0,0
2764.44,0,0
2808.56,0,0
2838.72,0,0
2865.42,0,0
2888.58,0,0
2908.29,0,0
2929.67,0,0
2947.73,0,0
2967.69,0,0
2972.54,0,0
2976.65,0,0
2982.41,0,0
2986.34,0,0
2988.19,0,0
2977.33,0,0
2966.2,0,0
2950.17,0,0
2927.66,0,0
2901.66,0,0
2872.21,0,0
2846.54,0,0
2811.46,0,0
2772.76,0,0
2731.93,0,0
2691.67,0,0
2646,0,0
2593.9,0,0
2538.92,0,0
2484.78,0,0
2427.19,0,0
2365.04,0,0
2298.42,0,0
2229.16,0,0
2157.4,0,0
2083.24,0,0
2006.58,0,0
1927.55,0,0
1846.46,0,0
1763,0,0
1677.38,0,0
1590.18,0,0
1501.27,0,0
1410.6,0,0
1316.4,0,0
1222.42,0,0
1125.85,0,0
1029.78,0,0
933.154,0,0
831.293,0,0
728.298,0,0
626.464,0,0
523.004,0,0
417.281,0,0
310.911,0,0
203.258,0,0
102.417,0,0
-4.91623,0,0
-110.183,0,0
-211.619,0,0
-317.486,0,0
-417.841,0,0
-517.53,0,0
-621.512,0,0
-723.535,0,0
-827.197,0,0
-930.617,0,0
-1028.89,0,0
-1128.89,0,0
-1222.6,0,0
-1313.87,0,0
-1405.27,0,0
-1497.68,0,0
-1589.3,0,0
-1672.96,0,0
-1759.71,0,0
-1843.68,0,0
-1925.59,0,0
-2003.06,0,0
-2073.74,0,0
-2143.45,0,0
-2213.09,0,0
-2279.24,0,0
-2341.87,0,0
-2403.73,0,0
-2460.77,0,0
-2516.42,0,0
-2568.26,0,0
-2617.02,0,0
-2660.62,0,0
-2699.55,0,0
-2738.38,0,0
-2774.07,0,0
-2806.18,0,0
-2834.66,0,0
-2858.88,0,0
-2879.2,0,0
-2893.93,0,0
-2904.96,0,0
-2910.84,0,0
-2914.19,0,0
-2913.36,0,0
-2909.17,0,0
-2900.47,0,0
-2886.96,0,0
-2870.85,0,0
-2850.41,0,0
-2824.19,0,0
-2793.6,0,0
-2762.01,0,0
-2725.43,0,0
-2683.6,0,0
-2638.06,0,0
-2589.04,0,0
-2536.96,0,0
-2482.16,0,0
-2424.74,0,0
-2363.54,0,0
-2300.75,0,0
-2234.36,0,0
-2164.04,0,0
-2092.89,0,0
-2018.37,0,0
-1941.66,0,0
-1861.88,0,0
-1779.27,0,0
-1694.09,0,0
-1607.09,0,0
-1518.21,0,0
-1427.49,0,0
-1334.86,0,0
-1240.75,0,0
-1145.14,0,0
-1048.28,0,0
-951.05,0,0
-852.889,0,0
-751.617,0,0
-649.332,0,0
-545.141,0,0
-441.356,0,0
-336.358,0,0
-231.911,0,0
-126.923,0,0
-22.7219,0,0
79.5232,0,0
186.274,0,0
291.6,0,0
396.997,0,0
501.923,0,0
606.617,0,0
709.872,0,0
811.462,0,0
912.051,0,0
1013.38,0,0
1113.98,0,0
1212.29,0,0
1309.01,0,0
1403.72,0,0
1496.86,0,0
1586.64,0,0
1676.39,0,0
1763.44,0,0
1848.54,0,0
1931.37,0,0
2012.63,0,0
2090.36,0,0
2166.72,0,0
2241.29,0,0
2312.61,0,0
2381.14,0,0
2446.76,0,0
2509.58,0,0
2569.31,0,0
2626.53,0,0
2680.65,0,0
2731.52,0,0
2779.17,0,0
2823.47,0,0
2864.38,0,0
2902.03,0,0
2936.24,0,0
2967.13,0,0
2994.47,0,0
3017.99,0,0
3038.19,0,0
3054.73,0,0
3067.07,0,0
3076.65,0,0
3081.69,0,0
3083.86,0,0
3082.39,0,0
3076.77,0,0
3067.92,0,0
3054.61,0,0
3037.28,0,0
3016.32,0,0
2991.72,0,0
2963.56,0,0
2932.87,0,0
2898.94,0,0
2861.37,0,0
2820.37,0,0
2776.14,0,0
2727.64,0,0
2676.57,0,0
2621.7,0,0
2564.33,0,0
2502.81,0,0
2439.08,0,0
2372.07,0,0
2302.53,0,0
2230.19,0,0
2154.73,0,0
2076.96,0,0
1996.49,0,0
1913.72,0,0
1828.59,0,0
1741.26,0,0
1651.86,0,0
1560.39,0,0
1466.76,0,0
1371.28,0,0
1274.62,0,0
1175.83,0,0
1076.15,0,0
974.17,0,0
870.938,0,0
766.494,0,0
660.935,0,0
554.463,0,0
447.165,0,0
339.098,0,0
229.953,0,0
124.38,0,0
18.7924,0,0
-86.7243,0,0
-192.009,0,0
-296.884,0,0
-401.266,0,0
-505.02,0,0
-612.915,0,0
-720.767,0,0
-825.832,0,0
-925.013,0,0
-1030.39,0,0
-1133.95,0,0
-1237.17,0,0
-1331.48,0,0
-1427.96,0,0
-1518.96,0,0
-1607.99,0,0
-1703.17,0,0
-1792.3,0,0
-1883.66,0,0
-1965.07,0,0
-2052,0,0
-2135.24,0,0
-2215.16,0,0
-2285.49,0,0
-2356.21,0,0
-2425.95,0,0
-2496.3,0,0
-2562.38,0,0
-2618.27,0,0
-2669.96,0,0
-2727.72,0,0
-2782.48,0,0
-2828.27,0,0
-2875.55,0,0
-2911.96,0,0
-2941.48,0,0
-2970.43,0,0
-3002.19,0,0
-3025.74,0,0
-3040.52,0,0
-3055.15,0,0
-3071.97,0,0
-3081.67,0,0
-3088.64,0,0
-3091.05,0,0
-3086.82,0,0
-3078.42,0,0
-3063.79,0,0
-3047.22,0,0
-3029.17,0,0
-3009.93,0,0
-2986.08,0,0
-2959.93,0,0
-2928.68,0,0
-2890.83,0,0
-2849.71,0,0
-2803.05,0,0
-2752,0,0
-2697.82,0,0
-2642.18,0,0
-2584.09,0,0
-2523.96,0,0
-2458.93,0,0
-2389.27,0,0
-2318.65,0,0
-2246.16,0,0
-2170.5,0,0
-2090.7,0,0
-2008.27,0,0
-1924.19,0,0
-1837.14,0,0
-1747.91,0,0
-1656.72,0,0
-1563.1,0,0
-1467.25,0,0
-1369.48,0,0
-1271.32,0,0
-1170.93,0,0
-1070.64,0,0
-969.739,0,0
-866.443,0,0
-762.073,0,0
-655.256,0,0
-546.192,0,0
-436.692,0,0
-323.969,0,0
-210.636,0,0
-100.728,0,0
8.22063,0,0
115.761,0,0
222.47,0,0
338.023,0,0
452.789,0,0
565.742,0,0
671.12,0,0
776.501,0,0
880.838,0,0
986.453,0,0
1090.34,0,0
1199.37,0,0
1306.22,0,0
1406.09,0,0
1505.69,0,0
1603.9,0,0
1703.18,0,0
1795.91,0,0
1893.08,0,0
1984.63,0,0
2072.41,0,0
2155.23,0,0
2237.38,0,0
2312.64,0,0
2386.1,0,0
2463.18,0,0
2536.55,0,0
2607.32,0,0
2675.84,0,0
2733.97,0,0
2795.68,0,0
2853.72,0,0
2898.97,0,0
2943.17,0,0
2981.38,0,0
3015.51,0,0
3050.06,0,0
3084.9,0,0
3115.68,0,0
3142.6,0,0
3165.31,0,0
3184.01,0,0
3198.42,0,0
3203.16,0,0
3202.85,0,0
3198.72,0,0
3190.83,0,0
3183.99,0,0
3170.76,0,0
3154.16,0,0
3135.01,0,0
3111.24,0,0
3079.7,0,0
3047.76,0,0
3012.35,0,0
2973.45,0,0
2929.83,0,0
2882.77,0,0
2831.88,0,0
2775.37,0,0
2717.13,0,0
2654.45,0,0
2587.66,0,0
2517.68,0,0
2444.41,0,0
2368.78,0,0
2290.21,0,0
2208.36,0,0
2124.37,0,0
2037.67,0,0
1948.32,0,0
1856.6,0,0
1762.59,0,0
1666.45,0,0
1567.74,0,0
1466.96,0,0
1364.36,0,0
1259.99,0,0
1154.32,0,0
1047.31,0,0
939.495,0,0
829.619,0,0
719.732,0,0
608.915,0,0
496.426,0,0
383.431,0,0
269.914,0,0
156.095,0,0
43.2617,0,0
-69.5663,0,0
-183.337,0,0
-296.794,0,0
-409.858,0,0
-521.917,0,0
-632.632,0,0
-743.615,0,0
-853.311,0,0
-962.152,0,0
-1069.49,0,0
-1174.69,0,0
-1278.3,0,0
-1380.47,0,0
-1481.3,0,0
-1580.15,0,0
-1676.98,0,0
-1771.57,0,0
-1863.82,0,0
-1953.81,0,0
-2041.27,0,0
-2125.97,0,0
-2208.04,0,0
-2287.26,0,0
-2363.56,0,0
-2436.76,0,0
-2506.87,0,0
-2573.76,0,0
-2637.35,0,0
-2697.77,0,0
-2754.67,0,0
-2808.02,0,0
-2858.02,0,0
-2904.32,0,0
-2946.5,0,0
-2985.32,0,0
-3020.56,0,0
-3051.68,0,0
-3079,0,0
-3103.2,0,0
-3121.97,0,0
-3135.83,0,0
-3146.45,0,0
-3154.08,0,0
-3157.44,0,0
-3154.88,0,0
-3147.36,0,0
-3135.64,0,0
-3122.17,0,0
-3105.6,0,0
-3084.08,0,0
-3057.37,0,0
-3025.63,0,0
-2989.83,0,0
-2951.08,0,0
-2909.54,0,0
-2859.62,0,0
-2808.37,0,0
-2754.06,0,0
-2695.67,0,0
-2633.66,0,0
-2564,0,0
-2494.52,0,0
-2419.49,0,0
-2343.56,0,0
-2267.55,0,0
-2188.91,0,0
-2104.13,0,0
-2018.24,0,0
-1931.75,0,0
-1842.05,0,0
-1748.95,0,0
-1652.61,0,0
-1554.71,0,0
-1454.77,0,0
-1353.67,0,0
-1250.25,0,0
-1145.15,0,0
-1038.9,0,0
-932.297,0,0
-823.403,0,0
-712.927,0,0
-600.111,0,0
-487.401,0,0
-374.913,0,0
-264.562,0,0
-154.722,0,0
-40.2422,0,0
70.3151,0,0
183.464,0,0
297.486,0,0
408.056,0,0
519.181,0,0
629.223,0,0
737.032,0,0
845.404,0,0
955.485,0,0
1066.57,0,0
1167.88,0,0
1268.78,0,0
1367.87,0,0
1469.73,0,0
1567.71,0,0
1663.26,0,0
1758.69,0,0
1850.82,0,0
1945.07,0,0
2036.69,0,0
2123.42,0,0
2213.3,0,0
2297.9,0,0
2377.2,0,0
2453.92,0,0
2529.1,0,0
2605.3,0,0
2677.14,0,0
2745.49,0,0
2809.78,0,0
2872.88,0,0
2933.94,0,0
2984.89,0,0
3038.17,0,0
3084.56,0,0
3130.08,0,0
3172.39,0,0
3205.45,0,0
3238.55,0,0
3263.11,0,0
3284.41,0,0
3301.36,0,0
3314.14,0,0
3322.86,0,0
3329.37,0,0
3333.91,0,0
3336.68,0,0
3333.48,0,0
3322.8,0,0
3307.94,0,0
3292.49,0,0
3275.56,0,0
3250.57,0,0
3222.78,0,0
3193.91,0,0
3155.7,0,0
3113.67,0,0
3070.59,0,0
3023.74,0,0
2974.79,0,0
2922.51,0,0
2864.33,0,0
2801.33,0,0
2737.96,0,0
2667.87,0,0
2594.42,0,0
2518.38,0,0
2440.69,0,0
2358.73,0,0
2275.2,0,0
2187.71,0,0
2097.56,0,0
2004.82,0,0
1909.58,0,0
1812.22,0,0
1712.35,0,0
1610.17,0,0
1506.88,0,0
1400.3,0,0
1290.84,0,0
1179.62,0,0
1068.74,0,0
953.833,0,0
837.481,0,0
719.694,0,0
600.787,0,0
480.753,0,0
359.764,0,0
237.981,0,0
115.538,0,0
-7.12602,0,0
-126.769,0,0
-242.274,0,0
-357.527,0,0
-472.093,0,0
-593.994,0,0
-713.296,0,0
-834.571,0,0
-955.451,0,0
-1075.64,0,0
-1193.72,0,0
-1300.77,0,0
-1406.24,0,0
-1509.28,0,0
-1610.68,0,0
-1715.28,0,0
-1823.97,0,0
-1919.75,0,0
-2021.37,0,0
-2122.86,0,0
-2211.94,0,0
-2296.94,0,0
-2378.72,0,0
-2468.93,0,0
-2544.61,0,0
-2627.39,0,0
-2706.64,0,0
-2772.65,0,0
-2846.84,0,0
-2917.52,0,0
-2983.73,0,0
-3045.24,0,0
-3095.01,0,0
-3139.18,0,0
-3178.91,0,0
-3226.6,0,0
-3268.03,0,0
-3296.54,0,0
-3318.59,0,0
-3348.59,0,0
-3369.47,0,0
-3382.6,0,0
-3395.2,0,0
-3409.23,0,0
-3410.69,0,0
-3415.59,0,0
-3413.67,0,0
-3402.28,0,0
-3393.88,0,0
-3378.46,0,0
-3363.24,0,0
-3342.57,0,0
-3314.83,0,0
-3285.29,0,0
-3253.79,0,0
-3218.35,0,0
-3177.12,0,0
-3131.82,0,0
-3079.55,0,0
-3023.66,0,0
-2964.28,0,0
-2899.69,0,0
-2832.34,0,0
-2764.95,0,0
-2692.13,0,0
-2617.54,0,0
-2539.44,0,0
-2457.86,0,0
-2372.68,0,0
-2284.15,0,0
-2192.84,0,0
-2098.81,0,0
-2001.75,0,0
-1901.73,0,0
-1801.05,0,0
-1696.22,0,0
-1591.28,0,0
-1484.54,0,0
-1375.85,0,0
-1264.85,0,0
-1150.96,0,0
-1036.18,0,0
-919.525,0,0
-800.73,0,0
-681.316,0,0
-561.027,0,0
-442.998,0,0
-320.231,0,0
-197.527,0,0
-75.959,0,0
45.6021,0,0
166.035,0,0
287.95,0,0
408.614,0,0
527.904,0,0
646.618,0,0
763.771,0,0
878.482,0,0
993.067,0,0
1106.97,0,0
1220.09,0,0
1331.29,0,0
1442.29,0,0
1548.79,0,0
1653.33,0,0
1757.12,0,0
1859.39,0,0
1959.36,0,0
2057.13,0,0
2151.77,0,0
2244.58,0,0
2332.55,0,0
2419.31,0,0
2503.07,0,0
2582,0,0
2659.21,0,0
2731.57,0,0
2799.93,0,0
2864.64,0,0
2926.87,0,0
2983.92,0,0
3037.63,0,0
3086.39,0,0
3131.09,0,0
3172.68,0,0
3209.88,0,0
3243.48,0,0
3272.79,0,0
3297.95,0,0
3318.25,0,0
3334.23,0,0
3345.84,0,0
3353.13,0,0
3356.43,0,0
3355.54,0,0
3350.21,0,0
3340.49,0,0
3326.21,0,0
3307.62,0,0
3284.96,0,0
3258.03,0,0
3227.03,0,0
3191.81,0,0
3152.54,0,0
3109.26,0,0
3062.03,0,0
3010.85,0,0
2955.87,0,0
2897.08,0,0
2834.6,0,0
2768.69,0,0
2699.04,0,0
2626.19,0,0
2549.84,0,0
2470.23,0,0
2387.73,0,0
2302.19,0,0
2213.71,0,0
2122.38,0,0
2028.09,0,0
1931.23,0,0
1831.79,0,0
1730.05,0,0
1626.09,0,0
1520.34,0,0
1412.62,0,0
1302.79,0,0
1191.28,0,0
1078.53,0,0
964.419,0,0
848.887,0,0
732.268,0,0
614.625,0,0
496.204,0,0
377.184,0,0
257.558,0,0
137.548,0,0
17.288,0,0
-103.071,0,0
-223.394,0,0
-343.694,0,0
-463.592,0,0
-583.005,0,0
-701.687,0,0
-819.781,0,0
-936.998,0,0
-1053.24,0,0
-1168.25,0,0
-1281.55,0,0
-1393.91,0,0
-1504.11,0,0
-1613.2,0,0
-1719.37,0,0
-1824.22,0,0
-1927.31,0,0
-2027.94,0,0
-2127.12,0,0
-2222.78,0,0
-2316.52,0,0
-2407.68,0,0
-2495.54,0,0
-2580.84,0,0
-2663.24,0,0
-2742.13,0,0
-2815.54,0,0
-2886.17,0,0
-2952.88,0,0
-3016.12,0,0
-3075.58,0,0
-3131.42,0,0
-3183.12,0,0
-3231.13,0,0
-3274.74,0,0
-3312.47,0,0
-3348.21,0,0
-3381.17,0,0
-3410.96,0,0
-3435.84,0,0
-3455.67,0,0
-3472.56,0,0
-3485.65,0,0
-3491.52,0,0
-3492.53,0,0
-3488.76,0,0
-3482.69,0,0
-3469.11,0,0
-3450.6,0,0
-3428.05,0,0
-3403.54,0,0
-3376.75,0,0
-3341.27,0,0
-3304.71,0,0
-3264.48,0,0
-3220.05,0,0
-3171.63,0,0
-3118.27,0,0
-3062.15,0,0
-3000,0,0
-2930.22,0,0
-2859.38,0,0
-2783.69,0,0
-2708.26,0,0
-2628.69,0,0
-2542.34,0,0
-2453.39,0,0
-2362.66,0,0
-2268.62,0,0
-2172.11,0,0
-2073.83,0,0
-1972.25,0,0
-1868.41,0,0
-1762.1,0,0
-1653.93,0,0
-1543.47,0,0
-1430.3,0,0
-1315.49,0,0
-1199.44,0,0
-1082.68,0,0
-963.132,0,0
-843.614,0,0
-721.927,0,0
-603.766,0,0
-481.86,0,0
-358.076,0,0
-236.088,0,0
-113.408,0,0
12.414,0,0
136.954,0,0
265.459,0,0
387.695,0,0
508.364,0,0
634.634,0,0
760.964,0,0
886.633,0,0
1002.85,0,0
1121.55,0,0
1241.91,0,0
1362.19,0,0
1476.68,0,0
1588.44,0,0
1703.81,0,0
1815.59,0,0
1920.48,0,0
2027,0,0
2129.84,0,0
2226.4,0,0
2327.01,0,0
2427.36,0,0
2523.52,0,0
2615.23,0,0
2705.77,0,0
2788.52,0,0
2865.34,0,0
2934.3,0,0
3006.39,0,0
3079.64,0,0
3152.59,0,0
3209.07,0,0
3261.87,0,0
3310.36,0,0
3357.85,0,0
3407.35,0,0
3447.44,0,0
3486.15,0,0
3526.69,0,0
3554.86,0,0
3584.66,0,0
3611.25,0,0
3627.98,0,0
3645.53,0,0
3655.86,0,0
3660.69,0,0
3664.62,0,0
3654.23,0,0
3639.04,0,0
3621.64,0,0
3598.17,0,0
3569.22,0,0
3541.42,0,0
3512.89,0,0
3479.82,0,0
3442.24,0,0
3400.21,0,0
3348.3,0,0
3291.62,0,0
3235.75,0,0
3173.67,0,0
3110.05,0,0
3042.35,0,0
2967.28,0,0
2888.19,0,0
2805.78,0,0
2720.09,0,0
2631.01,0,0
2538.88,0,0
2444.57,0,0
2346.36,0,0
2245.62,0,0
2142.17,0,0
2036.22,0,0
1927.04,0,0
1815.85,0,0
1701.46,0,0
1584.73,0,0
1465.9,0,0
1345.09,0,0
1222.4,0,0
1097.98,0,0
971.929,0,0
846.945,0,0
718.338,0,0
591.039,0,0
465.308,0,0
339.49,0,0
213.866,0,0
81.9741,0,0
-44.4899,0,0
-170.707,0,0
-297.157,0,0
-428.801,0,0
-553.664,0,0
-684.449,0,0
-807.158,0,0
-928.782,0,0
-1052.63,0,0
-1178.06,0,0
-1302.06,0,0
-1424.41,0,0
-1544.98,0,0
-1663.29,0,0
-1779.39,0,0
-1886.97,0,0
-1997.73,0,0
-2101.42,0,0
-2207.6,0,0
-2310.58,0,0
-2409.65,0,0
-2503.77,0,0
-2597.43,0,0
-2681.19,0,0
-2761.47,0,0
-2840.43,0,0
-2918,0,0
-2990,0,0
-3061.81,0,0
-3126.27,0,0
-3186.65,0,0
-3240.77,0,0
-3294.49,0,0
-3343.92,0,0
-3389.45,0,0
-3430.95,0,0
-3467.76,0,0
-3499.09,0,0
-3526.64,0,0
-3546.74,0,0
-3560.78,0,0
-3570.49,0,0
-3577,0,0
-3579.67,0,0
-3579.06,0,0
-3571.37,0,0
-3561.25,0,0
-3544.7,0,0
-3524.19,0,0
-3498.63,0,0
-3467.59,0,0
-3433.43,0,0
-3394.08,0,0
-3351.21,0,0
-3304.9,0,0
-3255.18,0,0
-3201.43,0,0
-3142.86,0,0
-3080.54,0,0
-3013.43,0,0
-2941.54,0,0
-2867.71,0,0
-2791.23,0,0
-2710.38,0,0
-2627.19,0,0
-2539.75,0,0
-2449.03,0,0
-2354.67,0,0
-2257.43,0,0
-2157.68,0,0
-2054.89,0,0
-1949.26,0,0
-1841.11,0,0
-1730.49,0,0
-1617.81,0,0
-1502.47,0,0
-1386.33,0,0
-1268.12,0,0
-1147.34,0,0
-1024.68,0,0
-900.984,0,0
-776.441,0,0
-650.738,0,0
-523.975,0,0
-395.785,0,0
-267.234,0,0
-138.591,0,0
-9.76352,0,0
118.508,0,0
248.849,0,0
377.845,0,0
505.611,0,0
632.874,0,0
758.19,0,0
882.238,0,0
1006.77,0,0
1130.38,0,0
1253.15,0,0
1374.28,0,0
1492.74,0,0
1611.86,0,0
1728.51,0,0
1842.54,0,0
1954.6,0,0
2064.55,0,0
2172.56,0,0
2277.45,0,0
2379.48,0,0
2478.86,0,0
2575.27,0,0
2668.5,0,0
2758.22,0,0
2844.65,0,0
2927.18,0,0
3006.26,0,0
3081.85,0,0
3153.86,0,0
3222.17,0,0
3286.66,0,0
3347.2,0,0
3403.67,0,0
3456.04,0,0
3504.05,0,0
3548.16,0,0
3587.89,0,0
3622.81,0,0
3653.74,0,0
3680.25,0,0
3702.26,0,0
3719.66,0,0
3732.03,0,0
3739.77,0,0
3743.78,0,0
3743.38,0,0
3738.22,0,0
3728.68,0,0
3714.68,0,0
3695.43,0,0
3671.96,0,0
3643.54,0,0
3610.5,0,0
3573.16,0,0
3532.44,0,0
3487.57,0,0
3438.46,0,0
3385.18,0,0
3327.74,0,0
3266.3,0,0
3200.82,0,0
3131.4,0,0
3058.46,0,0
2981.51,0,0
2899.84,0,0
2815.2,0,0
2727.47,0,0
2635.55,0,0
2540.98,0,0
2443.24,0,0
2342.35,0,0
2238.57,0,0
2132.24,0,0
2023.12,0,0
1911.68,0,0
1797.68,0,0
1681.32,0,0
1562.79,0,0
1442.14,0,0
1320.01,0,0
1197.14,0,0
1072.17,0,0
946.549,0,0
820.323,0,0
690.363,0,0
560.452,0,0
431.502,0,0
300.47,0,0
170.745,0,0
37.6374,0,0
-96.1868,0,0
-230.169,0,0
-363.982,0,0
-497.74,0,0
-631.037,0,0
-763.606,0,0
-895.692,0,0
-1027.12,0,0
-1154.09,0,0
-1283.05,0,0
-1410.15,0,0
-1534.12,0,0
-1658.51,0,0
-1778.17,0,0
-1895.36,0,0
-2009.14,0,0
-2120.54,0,0
-2229.09,0,0
-2339.87,0,0
-2447.98,0,0
-2551.4,0,0
-2650.07,0,0
-2741.13,0,0
-2832.67,0,0
-2919.68,0,0
-3008.03,0,0
-3088.02,0,0
-3160.79,0,0
-3234.56,0,0
-3299.74,0,0
-3364.08,0,0
-3423.78,0,0
-3476.81,0,0
-3526.55,0,0
-3572.54,0,0
-3613.76,0,0
-3656.51,0,0
-3694.77,0,0
-3723.78,0,0
-3752.19,0,0
-3777.46,0,0
-3795.38,0,0
-3811.93,0,0
-3815.11,0,0
-3812.21,0,0
-3811.56,0,0
-3807.76,0,0
-3791.39,0,0
-3775.37,0,0
-3755.37,0,0
-3726.86,0,0
-3689.35,0,0
-3655.93,0,0
-3620.58,0,0
-3572.3,0,0
-3521.12,0,0
-3469.4,0,0
-3411.17,0,0
-3348.79,0,0
-3280.02,0,0
-3211.06,0,0
-3135.16,0,0
-3055.72,0,0
-2972.76,0,0
-2884.34,0,0
-2792.22,0,0
-2695.86,0,0
-2596.48,0,0
-2493.42,0,0
-2389.09,0,0
-2281.61,0,0
-2171.59,0,0
-2058.46,0,0
-1942.56,0,0
-1823.66,0,0
-1701.63,0,0
-1577.86,0,0
-1452.41,0,0
-1324.41,0,0
-1195.66,0,0
-1066.11,0,0
-935.217,0,0
-804.144,0,0
-673.151,0,0
-538.182,0,0
-406.11,0,0
-269.338,0,0
-136.524,0,0
-0.56241,0,0
138.375,0,0
280.147,0,0
420.038,0,0
558.985,0,0
688.759,0,0
824.069,0,0
953.841,0,0
1087.34,0,0
1216.95,0,0
1344.95,0,0
1475.8,0,0
1598.66,0,0
1721.72,0,0
1844.66,0,0
1967.63,0,0
2082.82,0,0
2202.85,0,0
2314.82,0,0
2419.17,0,0
2523.59,0,0
2619.1,0,0
2713.72,0,0
2814.09,0,0
2907.62,0,0
2993.05,0,0
3081.72,0,0
3164.67,0,0
3246.56,0,0
3321.87,0,0
3394.93,0,0
3463.14,0,0
3524.94,0,0
3584.18,0,0
3639.6,0,0
3682.27,0,0
3728.07,0,0
3768.29,0,0
3799.76,0,0
3830.62,0,0
3856.1,0,0
3875.23,0,0
3890.94,0,0
3900.53,0,0
3900.87,0,0
3896.44,0,0
3892.97,0,0
3879.23,0,0
3860.16,0,0
3836.67,0,0
3808.11,0,0
3777.83,0,0
3742.44,0,0
3703.67,0,0
3658.99,0,0
3610.31,0,0
3554.44,0,0
3494.17,0,0
3429.56,0,0
3360.76,0,0
3289.03,0,0
3211.79,0,0
3132.41,0,0
3048.11,0,0
2959.71,0,0
2867.85,0,0
2773.12,0,0
2674.75,0,0
2572.61,0,0
2467.38,0,0
2358.97,0,0
2247.55,0,0
2133.12,0,0
2016.02,0,0
1896.41,0,0
1774.58,0,0
1650.73,0,0
1524.86,0,0
1397.19,0,0
1267.86,0,0
1136.15,0,0
1002.76,0,0
868.21,0,0
732.533,0,0
595.853,0,0
458.434,0,0
320.468,0,0
182.172,0,0
44.2458,0,0
-94.27,0,0
-231.671,0,0
-368.53,0,0
-504.956,0,0
-641.802,0,0
-777.346,0,0
-911.914,0,0
0,0.01,0.02,0.03,0.04,0.05,0.06,0.07,0.08,0.09,0.1,0.11,0.12,0.13,0.14,0.15,0.16,0.17,0.18,0.19,0.2,0.21,0.22,0.23,0.24,0.25,0.26,0.27,0.28,0.29,0.3,0.31,0.32,0.33,0.34,0.35,0.36,0.37,0.38,0.39,0.4,0.41,0.42,0.43,0.44,0.45,0.46,0.47,0.48,0.49,0.5,0.51,0.52,0.53,0.54,0.55,0.56,0.57,0.58,0.59,0.6,0.61,0.62,0.63,0.64,0.65,0.66,0.67,0.68,0.69,0.7,0.71,0.72,0.73,0.74,0.75,0.76,0.77,0.78,0.79,0.8,0.81,0.82,0.83,0.84,0.85,0.86,0.87,0.88,0.89,0.9,0.91,0.92,0.93,0.94,0.95,0.96,0.97,0.98,0.99,1,1.01,1.02,1.03,1.04,1.05,1.06,1.07,1.08,1.09,1.1,1.11,1.12,1.13,1.14,1.15,1.16,1.17,1.18,1.19,1.2,1.21,1.22,1.23,1.24,1.25,1.26,1.27,1.28,1.29,1.3,1.31,1.32,1.33,1.34,1.35,1.36,1.37,1.38,1.39,1.4,1.41,1.42,1.43,1.44,1.45,1.46,1.47,1.48,1.49,1.5,1.51,1.52,1.53,1.54,1.55,1.56,1.57,1.58,1.59,1.6,1.61,1.62,1.63,1.64,1.65,1.66,1.67,1.68,1.69,1.7,1.71,1.72,1.73,1.74,1.75,1.76,1.77,1.78,1.79,1.8,1.81,1.82,1.83,1.84,1.85,1.86,1.87,1.88,1.89,1.9,1.91,1.92,1.93,1.94,1.95,1.96,1.97,1.98,1.99,2,2.01,2.02,2.03,2.04,2.05,2.06,2.07,2.08,2.09,2.1,2.11,2.12,2.13,2.14,2.15,2.16,2.17,2.18,2.19,2.2,2.21,2.22,2.23,2.24,2.25,2.26,2.27,2.28,2.29,2.3,2.31,2.32,2.33,2.34,2.35,2.36,2.37,2.38,2.39,2.4,2.41,2.42,2.43,2.44,2.45,2.46,2.47,2.48,2.49,2.5,2.51,2.52,2.53,2.54,2.55,2.56,2.57,2.58,2.59,2.6,2.61,2.62,2.63,2.64,2.65,2.66,2.67,2.68,2.69,2.7,2.71,2.72,2.73,2.74,2.75,2.76,2.77,2.78,2.79,2.8,2.81,2.82,2.83,2.84,2.85,2.86,2.87,2.88,2.89,2.9,2.91,2.92,2.93,2.94,2.95,2.96,2.97,2.98,2.99,3,3.01,3.02,3.03,3.04,3.05,3.06,3.07,3.08,3.09,3.1,3.11,3.12,3.13,3.14,3.15,3.16,3.17,3.18,3.19,3.2,3.21,3.22,3.23,3.24,3.25,3.26,3.27,3.28,3.29,3.3,3.31,3.32,3.33,3.34,3.35,3.36,3.37,3.38,3.39,3.4,3.41,3.42,3.43,3.44,3.45,3.46,3.47,3.48,3.49,3.5,3.51,3.52,3.53,3.54,3.55,3.56,3.57,3.58,3.59,3.6,3.61,3.62,3.63,3.64,3.65,3.66,3.67,3.68,3.69,3.7,3.71,3.72,3.73,3.74,3.75,3.76,3.77,3.78,3.79,3.8,3.81,3.82,3.83,3.84,3.85,3.86,3.87,3.88,3.89,3.9,3.91,3.92,3.93,3.94,3.95,3.96,3.97,3.98,3.99,4,4.01,4.02,4.03,4.04,4.05,4.06,4.07,4.08,4.09,4.1,4.11,4.12,4.13,4.14,4.15,4.16,4.17,4.18,4.19,4.2,4.21,4.22,4.23,4.24,4.25,4.26,4.27,4.28,4.29,4.3,4.31,4.32,4.33,4.34,4.35,4.36,4.37,4.38,4.39,4.4,4.41,4.42,4.43,4.44,4.45,4.46,4.47,4.48,4.49,4.5,4.51,4.52,4.53,4.54,4.55,4.56,4.57,4.58,4.59,4.6,4.61,4.62,4.63,4.64,4.65,4.66,4.67,4.68,4.69,4.7,4.71,4.72,4.73,4.74,4.75,4.76,4.77,4.78,4.79,4.8,4.81,4.82,4.83,4.84,4.85,4.86,4.87,4.88,4.89,4.9,4.91,4.92,4.93,4.94,4.95,4.96,4.97,4.98,4.99,5,5.01,5.02,5.03,5.04,5.05,5.06,5.07,5.08,5.09,5.1,5.11,5.12,5.13,5.14,5.15,5.16,5.17,5.18,5.19,5.2,5.21,5.22,5.23,5.24,5.25,5.26,5.27,5.28,5.29,5.3,5.31,5.32,5.33,5.34,5.35,5.36,5.37,5.38,5.39,5.4,5.41,5.42,5.43,5.44,5.45,5.46,5.47,5.48,5.49,5.5,5.51,5.52,5.53,5.54,5.55,5.56,5.57,5.58,5.59,5.6,5.61,5.62,5.63,5.64,5.65,5.66,5.67,5.68,5.69,5.7,5.71,5.72,5.73,5.74,5.75,5.76,5.77,5.78,5.79,5.8,5.81,5.82,5.83,5.84,5.85,5.86,5.87,5.88,5.89,5.9,5.91,5.92,5.93,5.94,5.95,5.96,5.97,5.98,5.99,6,6.01,6.02,6.03,6.04,6.05,6.06,6.07,6.08,6.09,6.1,6.11,6.12,6.13,6.14,6.15,6.16,6.17,6.18,6.19,6.2,6.21,6.22,6.23,6.24,6.25,6.26,6.27,6.28,6.29,6.3,6.31,6.32,6.33,6.34,6.35,6.36,6.37,6.38,6.39,6.4,6.41,6.42,6.43,6.44,6.45,6.46,6.47,6.48,6.49,6.5,6.51,6.52,6.53,6.54,6.55,6.56,6.57,6.58,6.59,6.6,6.61,6.62,6.63,6.64,6.65,6.66,6.67,6.68,6.69,6.7,6.71,6.72,6.73,6.74,6.75,6.76,6.77,6.78,6.79,6.8,6.81,6.82,6.83,6.84,6.85,6.86,6.87,6.88,6.89,6.9,6.91,6.92,6.93,6.94,6.95,6.96,6.97,6.98,6.99,7,7.01,7.02,7.03,7.04,7.05,7.06,7.07,7.08,7.09,7.1,7.11,7.12,7.13,7.14,7.15,7.16,7.17,7.18,7.19,7.2,7.21,7.22,7.23,7.24,7.25,7.26,7.27,7.28,7.29,7.3,7.31,7.32,7.33,7.34,7.35,7.36,7.37,7.38,7.39,7.4,7.41,7.42,7.43,7.44,7.45,7.46,7.47,7.48,7.49,7.5,7.51,7.52,7.53,7.54,7.55,7.56,7.57,7.58,7.59,7.6,7.61,7.62,7.63,7.64,7.65,7.66,7.67,7.68,7.69,7.7,7.71,7.72,7.73,7.74,7.75,7.76,7.77,7.78,7.79,7.8,7.81,7.82,7.83,7.84,7.85,7.86,7.87,7.88,7.89,7.9,7.91,7.92,7.93,7.94,7.95,7.96,7.97,7.98,7.99,8,8.01,8.02,8.03,8.04,8.05,8.06,8.07,8.08,8.09,8.1,8.11,8.12,8.13,8.14,8.15,8.16,8.17,8.18,8.19,8.2,8.21,8.22,8.23,8.24,8.25,8.26,8.27,8.28,8.29,8.3,8.31,8.32,8.33,8.34,8.35,8.36,8.37,8.38,8.39,8.4,8.41,8.42,8.43,8.44,8.45,8.46,8.47,8.48,8.49,8.5,8.51,8.52,8.53,8.54,8.55,8.56,8.57,8.58,8.59,8.6,8.61,8.62,8.63,8.64,8.65,8.66,8.67,8.68,8.69,8.7,8.71,8.72,8.73,8.74,8.75,8.76,8.77,8.78,8.79,8.8,8.81,8.82,8.83,8.84,8.85,8.86,8.87,8.88,8.89,8.9,8.91,8.92,8.93,8.94,8.95,8.96,8.97,8.98,8.99,9,9.01,9.02,9.03,9.04,9.05,9.06,9.07,9.08,9.09,9.1,9.11,9.12,9.13,9.14,9.15,9.16,9.17,9.18,9.19,9.2,9.21,9.22,9.23,9.24,9.25,9.26,9.27,9.28,9.29,9.3,9.31,9.32,9.33,9.34,9.35,9.36,9.37,9.38,9.39,9.4,9.41,9.42,9.43,9.44,9.45,9.46,9.47,9.48,9.49,9.5,9.51,9.52,9.53,9.54,9.55,9.56,9.57,9.58,9.59,9.6,9.61,9.62,9.63,9.64,9.65,9.66,9.67,9.68,9.69,9.7,9.71,9.72,9.73,9.74,9.75,9.76,9.77,9.78,9.79,9.8,9.81,9.82,9.83,9.84,9.85,9.86,9.87,9.88,9.89,9.9,9.91,9.92,9.93,9.94,9.95,9.96,9.97,9.98,9.99,10,10.01,10.02,10.03,10.04,10.05,10.06,10.07,10.08,10.09,10.1,10.11,10.12,10.13,10.14,10.15,10.16,10.17,10.18,10.19,10.2,10.21,10.22,10.23,10.24,10.25,10.26,10.27,10.28,10.29,10.3,10.31,10.32,10.33,10.34,10.35,10.36,10.37,10.38,10.39,10.4,10.41,10.42,10.43,10.44,10.45,10.46,10.47,10.48,10.49,10.5,10.51,10.52,10.53,10.54,10.55,10.56,10.57,10.58,10.59,10.6,10.61,10.62,10.63,10.64,10.65,10.66,10.67,10.68,10.69,10.7,10.71,10.72,10.73,10.74,10.75,10.76,10.77,10.78,10.79,10.8,10.81,10.82,10.83,10.84,10.85,10.86,10.87,10.88,10.89,10.9,10.91,10.92,10.93,10.94,10.95,10.96,10.97,10.98,10.99,11,11.01,11.02,11.03,11.04,11.05,11.06,11.07,11.08,11.09,11.1,11.11,11.12,11.13,11.14,11.15,11.16,11.17,11.18,11.19,11.2,11.21,11.22,11.23,11.24,11.25,11.26,11.27,11.28,11.29,11.3,11.31,11.32,11.33,11.34,11.35,11.36,11.37,11.38,11.39,11.4,11.41,11.42,11.43,11.44,11.45,11.46,11.47,11.48,11.49,11.5,11.51,11.52,11.53,11.54,11.55,11.56,11.57,11.58,11.59,11.6,11.61,11.62,11.63,11.64,11.65,11.66,11.67,11.68,11.69,11.7,11.71,11.72,11.73,11.74,11.75,11.76,11.77,11.78,11.79,11.8,11.81,11.82,11.83,11.84,11.85,11.86,11.87,11.88,11.89,11.9,11.91,11.92,11.93,11.94,11.95,11.96,11.97,11.98,11.99,12,12.01,12.02,12.03,12.04,12.05,12.06,12.07,12.08,12.09,12.1,12.11,12.12,12.13,12.14,12.15,12.16,12.17,12.18,12.19,12.2,12.21,12.22,12.23,12.24,12.25,12.26,12.27,12.28,12.29,12.3,12.31,12.32,12.33,12.34,12.35,12.36,12.37,12.38,12.39,12.4,12.41,12.42,12.43,12.44,12.45,12.46,12.47,12.48,12.49,12.5,12.51,12.52,12.53,12.54,12.55,12.56,12.57,12.58,12.59,12.6,12.61,12.62,12.63,12.64,12.65,12.66,12.67,12.68,12.69,12.7,12.71,12.72,12.73,12.74,12.75,12.76,12.77,12.78,12.79,12.8,12.81,12.82,12.83,12.84,12.85,12.86,12.87,12.88,12.89,12.9,12.91,12.92,12.93,12.94,12.95,12.96,12.97,12.98,12.99,13,13.01,13.02,13.03,13.04,13.05,13.06,13.07,13.08,13.09,13.1,13.11,13.12,13.13,13.14,13.15,13.16,13.17,13.18,13.19,13.2,13.21,13.22,13.23,13.24,13.25,13.26,13.27,13.28,13.29,13.3,13.31,13.32,13.33,13.34,13.35,13.36,13.37,13.38,13.39,13.4,13.41,13.42,13.43,13.44,13.45,13.46,13.47,13.48,13.49,13.5,13.51,13.52,13.53,13.54,13.55,13.56,13.57,13.58,13.59,13.6,13.61,13.62,13.63,13.64,13.65,13.66,13.67,13.68,13.69,13.7,13.71,13.72,13.73,13.74,13.75,13.76,13.77,13.78,13.79,13.8,13.81,13.82,13.83,13.84,13.85,13.86,13.87,13.88,13.89,13.9,13.91,13.92,13.93,13.94,13.95,13.96,13.97,13.98,13.99,14,14.01,14.02,14.03,14.04,14.05,14.06,14.07,14.08,14.09,14.1,14.11,14.12,14.13,14.14,14.15,14.16,14.17,14.18,14.19,14.2,14.21,14.22,14.23,14.24,14.25,14.26,14.27,14.28,14.29,14.3,14.31,14.32,14.33,14.34,14.35,14.36,14.37,14.38,14.39,14.4,14.41,14.42,14.43,14.44,14.45,14.46,14.47,14.48,14.49,14.5,14.51,14.52,14.53,14.54,14.55,14.56,14.57,14.58,14.59,14.6,14.61,14.62,14.63,14.64,14.65,14.66,14.67,14.68,14.69,14.7,14.71,14.72,14.73,14.74,14.75,14.76,14.77,14.78,14.79,14.8,14.81,14.82,14.83,14.84,14.85,14.86,14.87,14.88,14.89,14.9,14.91,14.92,14.93,14.94,14.95,14.96,14.97,14.98,14.99,15,15.01,15.02,15.03,15.04,15.05,15.06,15.07,15.08,15.09,15.1,15.11,15.12,15.13,15.14,15.15,15.16,15.17,15.18,15.19,15.2,15.21,15.22,15.23,15.24,15.25,15.26,15.27,15.28,15.29,15.3,15.31,15.32,15.33,15.34,15.35,15.36,15.37,15.38,15.39,15.4,15.41,15.42,15.43,15.44,15.45,15.46,15.47,15.48,15.49,15.5,15.51,15.52,15.53,15.54,15.55,15.56,15.57,15.58,15.59,15.6,15.61,15.62,15.63,15.64,15.65,15.66,15.67,15.68,15.69,15.7,15.71,15.72,15.73,15.74,15.75,15.76,15.77,15.78,15.79,15.8,15.81,15.82,15.83,15.84,15.85,15.86,15.87,15.88,15.89,15.9,15.91,15.92,15.93,15.94,15.95,15.96,15.97,15.98,15.99,16,16.01,16.02,16.03,16.04,16.05,16.06,16.07,16.08,16.09,16.1,16.11,16.12,16.13,16.14,16.15,16.16,16.17,16.18,16.19,16.2,16.21,16.22,16.23,16.24,16.25,16.26,16.27,16.28,16.29,16.3,16.31,16.32,16.33,16.34,16.35,16.36,16.37,16.38,16.39,16.4,16.41,16.42,16.43,16.44,16.45,16.46,16.47,16.48,16.49,16.5,16.51,16.52,16.53,16.54,16.55,16.56,16.57,16.58,16.59,16.6,16.61,16.62,16.63,16.64,16.65,16.66,16.67,16.68,16.69,16.7,16.71,16.72,16.73,16.74,16.75,16.76,16.77,16.78,16.79,16.8,16.81,16.82,16.83,16.84,16.85,16.86,16.87,16.88,16.89,16.9,16.91,16.92,16.93,16.94,16.95,16.96,16.97,16.98,16.99,17,17.01,17.02,17.03,17.04,17.05,17.06,17.07,17.08,17.09,17.1,17.11,17.12,17.13,17.14,17.15,17.16,17.17,17.18,17.19,17.2,17.21,17.22,17.23,17.24,17.25,17.26,17.27,17.28,17.29,17.3,17.31,17.32,17.33,17.34,17.35,17.36,17.37,17.38,17.39,17.4,17.41,17.42,17.43,17.44,17.45,17.46,17.47,17.48,17.49,17.5,17.51,17.52,17.53,17.54,17.55,17.56,17.57,17.58,17.59,17.6,17.61,17.62,17.63,17.64,17.65,17.66,17.67,17.68,17.69,17.7,17.71,17.72,17.73,17.74,17.75,17.76,17.77,17.78,17.79,17.8,17.81,17.82,17.83,17.84,17.85,17.86,17.87,17.88,17.89,17.9,17.91,17.92,17.93,17.94,17.95,17.96,17.97,17.98,17.99,18,18.01,18.02,18.03,18.04,18.05,18.06,18.07,18.08,18.09,18.1,18.11,18.12,18.13,18.14,18.15,18.16,18.17,18.18,18.19,18.2,18.21,18.22,18.23,18.24,18.25,18.26,18.27,18.28,18.29,18.3,18.31,18.32,18.33,18.34,18.35,18.36,18.37,18.38,18.39,18.4,18.41,18.42,18.43,18.44,18.45,18.46,18.47,18.48,18.49,18.5,18.51,18.52,18.53,18.54,18.55,18.56,18.57,18.58,18.59,18.6,18.61,18.62,18.63,18.64,18.65,18.66,18.67,18.68,18.69,18.7,18.71,18.72,18.73,18.74,18.75,18.76,18.77,18.78,18.79,18.8,18.81,18.82,18.83,18.84,18.85,18.86,18.87,18.88,18.89,18.9,18.91,18.92,18.93,18.94,18.95,18.96,18.97,18.98,18.99,19,19.01,19.02,19.03,19.04,19.05,19.06,19.07,19.08,19.09,19.1,19.11,19.12,19.13,19.14,19.15,19.16,19.17,19.18,19.19,19.2,19.21,19.22,19.23,19.24,19.25,19.26,19.27,19.28,19.29,19.3,19.31,19.32,19.33,19.34,19.35,19.36,19.37,19.38,19.39,19.4,19.41,19.42,19.43,19.44,19.45,19.46,19.47,19.48,19.49,19.5,19.51,19.52,19.53,19.54,19.55,19.56,19.57,19.58,19.59,19.6,19.61,19.62,19.63,19.64,19.65,19.66,19.67,19.68,19.69,19.7,19.71,19.72,19.73,19.74,19.75,19.76,19.77,19.78,19.79,19.8,19.81,19.82,19.83,19.84,19.85,19.86,19.87,19.88,19.89,19.9,19.91,19.92,19.93,19.94,19.95,19.96,19.97,19.98,19.99,20,20.01,20.02,20.03,20.04,20.05,20.06,20.07,20.08,20.09,20.1,20.11,20.12,20.13,20.14,20.15,20.16,20.17,20.18,20.19,20.2,20.21,20.22,20.23,20.24,20.25,20.26,20.27,20.28,20.29,20.3,20.31,20.32,20.33,20.34,20.35,20.36,20.37,20.38,20.39,20.4,20.41,20.42,20.43,20.44,20.45,20.46,20.47,20.48,20.49,20.5,20.51,20.52,20.53,20.54,20.55,20.56,20.57,20.58,20.59,20.6,20.61,20.62,20.63,20.64,20.65,20.66,20.67,20.68,20.69,20.7,20.71,20.72,20.73,20.74,20.75,20.76,20.77,20.78,20.79,20.8,20.81,20.82,20.83,20.84,20.85,20.86,20.87,20.88,20.89,20.9,20.91,20.92,20.93,20.94,20.95,20.96,20.97,20.98,20.99,21,21.01,21.02,21.03,21.04,21.05,21.06,21.07,21.08,21.09,21.1,21.11,21.12,21.13,21.14,21.15,21.16,21.17,21.18,21.19,21.2,21.21,21.22,21.23,21.24,21.25,21.26,21.27,21.28,21.29,21.3,21.31,21.32,21.33,21.34,21.35,21.36,21.37,21.38,21.39,21.4,21.41,21.42,21.43,21.44,21.45,21.46,21.47,21.48,21.49,21.5,21.51,21.52,21.53,21.54,21.55,21.56,21.57,21.58,21.59,21.6,21.61,21.62,21.63,21.64,21.65,21.66,21.67,21.68,21.69,21.7,21.71,21.72,21.73,21.74,21.75,21.76,21.77,21.78,21.79,21.8,21.81,21.82,21.83,21.84,21.85,21.86,21.87,21.88,21.89,21.9,21.91,21.92,21.93,21.94,21.95,21.96,21.97,21.98,21.99,22,22.01,22.02,22.03,22.04,22.05,22.06,22.07,22.08,22.09,22.1,22.11,22.12,22.13,22.14,22.15,22.16,22.17,22.18,22.19,22.2,22.21,22.22,22.23,22.24,22.25,22.26,22.27,22.28,22.29,22.3,22.31,22.32,22.33,22.34,22.35,22.36,22.37,22.38,22.39,22.4,22.41,22.42,22.43,22.44,22.45,22.46,22.47,22.48,22.49,22.5,22.51,22.52,22.53,22.54,22.55,22.56,22.57,22.58,22.59,22.6,22.61,22.62,22.63,22.64,22.65,22.66,22.67,22.68,22.69,22.7,22.71,22.72,22.73,22.74,22.75,22.76,22.77,22.78,22.79,22.8,22.81,22.82,22.83,22.84,22.85,22.86,22.87,22.88,22.89,22.9,22.91,22.92,22.93,22.94,22.95,22.96,22.97,22.98,22.99,23,23.01,23.02,23.03,23.04,23.05,23.06,23.07,23.08,23.09,23.1,23.11,23.12,23.13,23.14,23.15,23.16,23.17,23.18,23.19,23.2,23.21,23.22,23.23,23.24,23.25,23.26,23.27,23.28,23.29,23.3,23.31,23.32,23.33,23.34,23.35,23.36,23.37,23.38,23.39,23.4,23.41,23.42,23.43,23.44,23.45,23.46,23.47,23.48,23.49,23.5,23.51,23.52,23.53,23.54,23.55,23.56,23.57,23.58,23.59,23.6,23.61,23.62,23.63,23.64,23.65,23.66,23.67,23.68,23.69,23.7,23.71,23.72,23.73,23.74,23.75,23.76,23.77,23.78,23.79,23.8,23.81,23.82,23.83,23.84,23.85,23.86,23.87,23.88,23.89,23.9,23.91,23.92,23.93,23.94,23.95,23.96,23.97,23.98,23.99,24,24.01,24.02,24.03,24.04,24.05,24.06,24.07,24.08,24.09,24.1,24.11,24.12,24.13,24.14,24.15,24.16,24.17,24.18,24.19,24.2,24.21,24.22,24.23,24.24,24.25,24.26,24.27,24.28,24.29,24.3,24.31,24.32,24.33,24.34,24.35,24.36,24.37,24.38,24.39,24.4,24.41,24.42,24.43,24.44,24.45,24.46,24.47,24.48,24.49,24.5,24.51,24.52,24.53,24.54,24.55,24.56,24.57,24.58,24.59,24.6,24.61,24.62,24.63,24.64,24.65,24.66,24.67,24.68,24.69,24.7,24.71,24.72,24.73,24.74,24.75,24.76,24.77,24.78,24.79,24.8,24.81,24.82,24.83,24.84,24.85,24.86,24.87,24.88,24.89,24.9,24.91,24.92,24.93,24.94,24.95,24.96,24.97,24.98,24.99,25,25.01,25.02,25.03,25.04,25.05,25.06,25.07,25.08,25.09,25.1,25.11,25.12,25.13,25.14,25.15,25.16,25.17,25.18,25.19,25.2,25.21,25.22,25.23,25.24,25.25,25.26,25.27,25.28,25.29,25.3,25.31,25.32,25.33,25.34,25.35,25.36,25.37,25.38,25.39,25.4,25.41,25.42,25.43,25.44,25.45,25.46,25.47,25.48,25.49,25.5,25.51,25.52,25.53,25.54,25.55,25.56,25.57,25.58,25.59,25.6,25.61,25.62,25.63,25.64,25.65,25.66,25.67,25.68,25.69,25.7,25.71,25.72,25.73,25.74,25.75,25.76,25.77,25.78,25.79,25.8,25.81,25.82,25.83,25.84,25.85,25.86,25.87,25.88,25.89,25.9,25.91,25.92,25.93,25.94,25.95,25.96,25.97,25.98,25.99,26,26.01,26.02,26.03,26.04,26.05,26.06,26.07,26.08,26.09,26.1,26.11,26.12,26.13,26.14,26.15,26.16,26.17,26.18,26.19,26.2,26.21,26.22,26.23,26.24,26.25,26.26,26.27,26.28,26.29,26.3,26.31,26.32,26.33,26.34,26.35,26.36,26.37,26.38,26.39,26.4,26.41,26.42,26.43,26.44,26.45,26.46,26.47,26.48,26.49,26.5,26.51,26.52,26.53,26.54,26.55,26.56,26.57,26.58,26.59,26.6,26.61,26.62,26.63,26.64,26.65,26.66,26.67,26.68,26.69,26.7,26.71,26.72,26.73,26.74,26.75,26.76,26.77,26.78,26.79,26.8,26.81,26.82,26.83,26.84,26.85,26.86,26.87,26.88,26.89,26.9,26.91,26.92,26.93,26.94,26.95,26.96,26.97,26.98,26.99,27,27.01,27.02,27.03,27.04,27.05,27.06,27.07,27.08,27.09,27.1,27.11,27.12,27.13,27.14,27.15,27.16,27.17,27.18,27.19,27.2,27.21,27.22,27.23,27.24,27.25,27.26,27.27,27.28,27.29,27.3,27.31,27.32,27.33,27.34,27.35,27.36,27.37,27.38,27.39,27.4,27.41,27.42,27.43,27.44,27.45,27.46,27.47,27.48,27.49,27.5,27.51,27.52,27.53,27.54,27.55,27.56,27.57,27.58,27.59,27.6,27.61,27.62,27.63,27.64,27.65,27.66,27.67,27.68,27.69,27.7,27.71,27.72,27.73,27.74,27.75,27.76,27.77,27.78,27.79,27.8,27.81,27.82,27.83,27.84,27.85,27.86,27.87,27.88,27.89,27.9,27.91,27.92,27.93,27.94,27.95,27.96,27.97,27.98,27.99,28,28.01,28.02,28.03,28.04,28.05,28.06,28.07,28.08,28.09,28.1,28.11,28.12,28.13,28.14,28.15,28.16,28.17,28.18,28.19,28.2,28.21,28.22,28.23,28.24,28.25,28.26,28.27,28.28,28.29,28.3,28.31,28.32,28.33,28.34,28.35,28.36,28.37,28.38,28.39,28.4,28.41,28.42,28.43,28.44,28.45,28.46,28.47,28.48,28.49,28.5,28.51,28.52,28.53,28.54,28.55,28.56,28.57,28.58,28.59,28.6,28.61,28.62,28.63,28.64,28.65,28.66,28.67,28.68,28.69,28.7,28.71,28.72,28.73,28.74,28.75,28.76,28.77,28.78,28.79,28.8,28.81,28.82,28.83,28.84,28.85,28.86,28.87,28.88,28.89,28.9,28.91,28.92,28.93,28.94,28.95,28.96,28.97,28.98,28.99,29,29.01,29.02,29.03,29.04,29.05,29.06,29.07,29.08,29.09,29.1,29.11,29.12,29.13,29.14,29.15,29.16,29.17,29.18,29.19,29.2,29.21,29.22,29.23,29.24,29.25,29.26,29.27,29.28,29.29,29.3,29.31,29.32,29.33,29.34,29.35,29.36,29.37,29.38,29.39,29.4,29.41,29.42,29.43,29.44,29.45,29.46,29.47,29.48,29.49,29.5,29.51,29.52,29.53,29.54,29.55,29.56,29.57,29.58,29.59,29.6,29.61,29.62,29.63,29.64,29.65,29.66,29.67,29.68,29.69,29.7,29.71,29.72,29.73,29.74,29.75,29.76,29.77,29.78,29.79,29.8,29.81,29.82,29.83,29.84,29.85,29.86,29.87,29.88,29.89,29.9,29.91,29.92,29.93,29.94,29.95,29.96,29.97,29.98,29.99,30,30.01,30.02,30.03,30.04,30.05,30.06,30.07,30.08,30.09,30.1,30.11,30.12,30.13,30.14,30.15,30.16,30.17,30.18,30.19,30.2,30.21,30.22,30.23,30.24,30.25,30.26,30.27,30.28,30.29,30.3,30.31,30.32,30.33,30.34,30.35,30.36,30.37,30.38,30.39,30.4,30.41,30.42,30.43,30.44,30.45,30.46,30.47,30.48,30.49,30.5,30.51,30.52,30.53,30.54,30.55,30.56,30.57,30.58,30.59,30.6,30.61,30.62,30.63,30.64,30.65,30.66,30.67,30.68,30.69,30.7,30.71,30.72,30.73,30.74,30.75,30.76,30.77,30.78,30.79,30.8,30.81,30.82,30.83,30.84,30.85,30.86,30.87,30.88,30.89,30.9,30.91,30.92,30.93,30.94,30.95,30.96,30.97,30.98,30.99,31,31.01,31.02,31.03,31.04,31.05,31.06,31.07,31.08,31.09,31.1,31.11,31.12,31.13,31.14,31.15,31.16,31.17,31.18,31.19,31.2,31.21,31.22,31.23,31.24,31.25,31.26,31.27,31.28,31.29,31.3,31.31,31.32,31.33,31.34,31.35,31.36,31.37,31.38,31.39,31.4,31.41,31.42,31.43,31.44,31.45,31.46,31.47,31.48,31.49,31.5,31.51,31.52,31.53,31.54,31.55,31.56,31.57,31.58,31.59,31.6,31.61,31.62,31.63,31.64,31.65,31.66,31.67,31.68,31.69,31.7,31.71,31.72,31.73,31.74,31.75,31.76,31.77,31.78,31.79,31.8,31.81,31.82,31.83,31.84,31.85,31.86,31.87,31.88,31.89,31.9,31.91,31.92,31.93,31.94,31.95,31.96,31.97,31.98,31.99,32,32.01,32.02,32.03,32.04,32.05,32.06,32.07,32.08,32.09,32.1,32.11,32.12,32.13,32.14,32.15,32.16,32.17,32.18,32.19,32.2,32.21,32.22,32.23,32.24,32.25,32.26,32.27,32.28,32.29,32.3,32.31,32.32,32.33,32.34,32.35,32.36,32.37,32.38,32.39,32.4,32.41,32.42,32.43,32.44,32.45,32.46,32.47,32.48,32.49,32.5,32.51,32.52,32.53,32.54,32.55,32.56,32.57,32.58,32.59,32.6,32.61,32.62,32.63,32.64,32.65,32.66,32.67,32.68,32.69,32.7,32.71,32.72,32.73,32.74,32.75,32.76,32.77,32.78,32.79,32.8,32.81,32.82,32.83,32.84,32.85,32.86,32.87,32.88,32.89,32.9,32.91,32.92,32.93,32.94,32.95,32.96,32.97,32.98,32.99,33,33.01,33.02,33.03,33.04,33.05,33.06,33.07,33.08,33.09,33.1,33.11,33.12,33.13,33.14,33.15,33.16,33.17,33.18,33.19,33.2,33.21,33.22,33.23,33.24,33.25,33.26,33.27,33.28,33.29,33.3,33.31,33.32,33.33,33.34,33.35,33.36,33.37,33.38,33.39,33.4,33.41,33.42,33.43,33.44,33.45,33.46,33.47,33.48,33.49,33.5,33.51,33.52,33.53,33.54,33.55,33.56,33.57,33.58,33.59,33.6,33.61,33.62,33.63,33.64,33.65,33.66,33.67,33.68,33.69,33.7,33.71,33.72,33.73,33.74,33.75,33.76,33.77,33.78,33.79,33.8,33.81,33.82,33.83,33.84,33.85,33.86,33.87,33.88,33.89,33.9,33.91,33.92,33.93,33.94,33.95,33.96,33.97,33.98,33.99,34,34.01,34.02,34.03,34.04,34.05,34.06,34.07,34.08,34.09,34.1,34.11,34.12,34.13,34.14,34.15,34.16,34.17,34.18,34.19,34.2,34.21,34.22,34.23,34.24,34.25,34.26,34.27,34.28,34.29,34.3,34.31,34.32,34.33,34.34,34.35,34.36,34.37,34.38,34.39,34.4,34.41,34.42,34.43,34.44,34.45,34.46,34.47,34.48,34.49,34.5,34.51,34.52,34.53,34.54,34.55,34.56,34.57,34.58,34.59,34.6,34.61,34.62,34.63,34.64,34.65,34.66,34.67,34.68,34.69,34.7,34.71,34.72,34.73,34.74,34.75,34.76,34.77,34.78,34.79,34.8,34.81,34.82,34.83,34.84,34.85,34.86,34.87,34.88,34.89,34.9,34.91,34.92,34.93,34.94,34.95,34.96,34.97,34.98,34.99,35,35.01,35.02,35.03,35.04,35.05,35.06,35.07,35.08,35.09,35.1,35.11,35.12,35.13,35.14,35.15,35.16,35.17,35.18,35.19,35.2,35.21,35.22,35.23,35.24,35.25,35.26,35.27,35.28,35.29,35.3,35.31,35.32,35.33,35.34,35.35,35.36,35.37,35.38,35.39,35.4,35.41,35.42,35.43,35.44,35.45,35.46,35.47,35.48,35.49,35.5,35.51,35.52,35.53,35.54,35.55,35.56,35.57,35.58,35.59,35.6,35.61,35.62,35.63,35.64,35.65,35.66,35.67,35.68,35.69,35.7,35.71,35.72,35.73,35.74,35.75,35.76,35.77,35.78,35.79,35.8,35.81,35.82,35.83,35.84,35.85,35.86,35.87,35.88,35.89,35.9,35.91,35.92,35.93,35.94,35.95,35.96,35.97,35.98,35.99,36,36.01,36.02,36.03,36.04,36.05,36.06,36.07,36.08,36.09,36.1,36.11,36.12,36.13,36.14,36.15,36.16,36.17,36.18,36.19,36.2,36.21,36.22,36.23,36.24,36.25,36.26,36.27,36.28,36.29,36.3,36.31,36.32,36.33,36.34,36.35,36.36,36.37,36.38,36.39,36.4,36.41,36.42,36.43,36.44,36.45,36.46,36.47,36.48,36.49,36.5,36.51,36.52,36.53,36.54,36.55,36.56,36.57,36.58,36.59,36.6,36.61,36.62,36.63,36.64,36.65,36.66,36.67,36.68,36.69,36.7,36.71,36.72,36.73,36.74,36.75,36.76,36.77,36.78,36.79,36.8,36.81,36.82,36.83,36.84,36.85,36.86,36.87,36.88,36.89,36.9,36.91,36.92,36.93,36.94,36.95,36.96,36.97,36.98,36.99,37,37.01,37.02,37.03,37.04,37.05,37.06,37.07,37.08,37.09,37.1,37.11,37.12,37.13,37.14,37.15,37.16,37.17,37.18,37.19,37.2,37.21,37.22,37.23,37.24,37.25,37.26,37.27,37.28,37.29,37.3,37.31,37.32,37.33,37.34,37.35,37.36,37.37,37.38,37.39,37.4,37.41,37.42,37.43,37.44,37.45,37.46,37.47,37.48,37.49,37.5,37.51,37.52,37.53,37.54,37.55,37.56,37.57,37.58,37.59,37.6,37.61,37.62,37.63,37.64,37.65,37.66,37.67,37.68,37.69,37.7,37.71,37.72,37.73,37.74,37.75,37.76,37.77,37.78,37.79,37.8,37.81,37.82,37.83,37.84,37.85,37.86,37.87,37.88,37.89,37.9,37.91,37.92,37.93,37.94,37.95,37.96,37.97,37.98,37.99,38,38.01,38.02,38.03,38.04,38.05,38.06,38.07,38.08,38.09,38.1,38.11,38.12,38.13,38.14,38.15,38.16,38.17,38.18,38.19,38.2,38.21,38.22,38.23,38.24,38.25,38.26,38.27,38.28,38.29,38.3,38.31,38.32,38.33,38.34,38.35,38.36,38.37,38.38,38.39,38.4,38.41,38.42,38.43,38.44,38.45,38.46,38.47,38.48,38.49,38.5,38.51,38.52,38.53,38.54,38.55,38.56,38.57,38.58,38.59,38.6,38.61,38.62,38.63,38.64,38.65,38.66,38.67,38.68,38.69,38.7,38.71,38.72,38.73,38.74,38.75,38.76,38.77,38.78,38.79,38.8,38.81,38.82,38.83,38.84,38.85,38.86,38.87,38.88,38.89,38.9,38.91,38.92,38.93,38.94,38.95,38.96,38.97,38.98,38.99,39,39.01,39.02,39.03,39.04,39.05,39.06,39.07,39.08,39.09,39.1,39.11,39.12,39.13,39.14,39.15,39.16,39.17,39.18,39.19,39.2,39.21,39.22,39.23,39.24,39.25,39.26,39.27,39.28,39.29,39.3,39.31,39.32,39.33,39.34,39.35,39.36,39.37,39.38,39.39,39.4,39.41,39.42,39.43,39.44,39.45,39.46,39.47,39.48,39.49,39.5,39.51,39.52,39.53,39.54,39.55,39.56,39.57,39.58,39.59,39.6,39.61,39.62,39.63,39.64,39.65,39.66,39.67,39.68,39.69,39.7,39.71,39.72,39.73,39.74,39.75,39.76,39.77,39.78,39.79,39.8,39.81,39.82,39.83,39.84,39.85,39.86,39.87,39.88,39.89,39.9,39.91,39.92,39.93,39.94,39.95,39.96,39.97,39.98,39.99,40,40.01,40.02,40.03,40.04,40.05,40.06,40.07,40.08,40.09,40.1,40.11,40.12,40.13,40.14,40.15,40.16,40.17,40.18,40.19,40.2,40.21,40.22,40.23,40.24,40.25,40.26,40.27,40.28,40.29,40.3,40.31,40.32,40.33,40.34,40.35,40.36,40.37,40.38,40.39,40.4,40.41,40.42,40.43,40.44,40.45,40.46,40.47,40.48,40.49,40.5,40.51,40.52,40.53,40.54,40.55,40.56,40.57,40.58,40.59,40.6,40.61,40.62,40.63,40.64,40.65,40.66,40.67,40.68,40.69,40.7,40.71,40.72,40.73,40.74,40.75,40.76,40.77,40.78,40.79,40.8,40.81,40.82,40.83,40.84,40.85,40.86,40.87,40.88,40.89,40.9,40.91,40.92,40.93,40.94,40.95,40.96,40.97,40.98,40.99,41,41.01,41.02,41.03,41.04,41.05,41.06,41.07,41.08,41.09,41.1,41.11,41.12,41.13,41.14,41.15,41.16,41.17,41.18,41.19,41.2,41.21,41.22,41.23,41.24,41.25,41.26,41.27,41.28,41.29,41.3,41.31,41.32,41.33,41.34,41.35,41.36,41.37,41.38,41.39,41.4,41.41,41.42,41.43,41.44,41.45,41.46,41.47,41.48,41.49,41.5,41.51,41.52,41.53,41.54,41.55,41.56,41.57,41.58,41.59,41.6,41.61,41.62,41.63,41.64,41.65,41.66,41.67,41.68,41.69,41.7,41.71,41.72,41.73,41.74,41.75,41.76,41.77,41.78,41.79,41.8,41.81,41.82,41.83,41.84,41.85,41.86,41.87,41.88,41.89,41.9,41.91,41.92,41.93,41.94,41.95,41.96,41.97,41.98,41.99,42,42.01,42.02,42.03,42.04,42.05,42.06,42.07,42.08,42.09,42.1,42.11,42.12,42.13,42.14,42.15,42.16,42.17,42.18,42.19,42.2,42.21,42.22,42.23,42.24,42.25,42.26,42.27,42.28,42.29,42.3,42.31,42.32,42.33,42.34,42.35,42.36,42.37,42.38,42.39,42.4,42.41,42.42,42.43,42.44,42.45,42.46,42.47,42.48,42.49,42.5,42.51,42.52,42.53,42.54,42.55,42.56,42.57,42.58,42.59,42.6,42.61,42.62,42.63,42.64,42.65,42.66,42.67,42.68,42.69,42.7,42.71,42.72,42.73,42.74,42.75,42.76,42.77,42.78,42.79,42.8,42.81,42.82,42.83,42.84,42.85,42.86,42.87,42.88,42.89,42.9,42.91,42.92,42.93,42.94,42.95,42.96,42.97,42.98,42.99,43,43.01,43.02,43.03,43.04,43.05,43.06,43.07,43.08,43.09,43.1,43.11,43.12,43.13,43.14,43.15,43.16,43.17,43.18,43.19,43.2,43.21,43.22,43.23,43.24,43.25,43.26,43.27,43.28,43.29,43.3,43.31,43.32,43.33,43.34,43.35,43.36,43.37,43.38,43.39,43.4,43.41,43.42,43.43,43.44,43.45,43.46,43.47,43.48,43.49,43.5,43.51,43.52,43.53,43.54,43.55,43.56,43.57,43.58,43.59,43.6,43.61,43.62,43.63,43.64,43.65,43.66,43.67,43.68,43.69,43.7,43.71,43.72,43.73,43.74,43.75,43.76,43.77,43.78,43.79,43.8,43.81,43.82,43.83,43.84,43.85,43.86,43.87,43.88,43.89,43.9,43.91,43.92,43.93,43.94,43.95,43.96,43.97,43.98,43.99,44,44.01,44.02,44.03,44.04,44.05,44.06,44.07,44.08,44.09,44.1,44.11,44.12,44.13,44.14,44.15,44.16,44.17,44.18,44.19,44.2,44.21,44.22,44.23,44.24,44.25,44.26,44.27,44.28,44.29,44.3,44.31,44.32,44.33,44.34,44.35,44.36,44.37,44.38,44.39,44.4,44.41,44.42,44.43,44.44,44.45,44.46,44.47,44.48,44.49,44.5,44.51,44.52,44.53,44.54,44.55,44.56,44.57,44.58,44.59,44.6,44.61,44.62,44.63,44.64,44.65,44.66,44.67,44.68,44.69,44.7,44.71,44.72,44.73,44.74,44.75,44.76,44.77,44.78,44.79,44.8,44.81,44.82,44.83,44.84,44.85,44.86,44.87,44.88,44.89,44.9,44.91,44.92,44.93,44.94,44.95,44.96,44.97,44.98,44.99,45,45.01,45.02,45.03,45.04,45.05,45.06,45.07,45.08,45.09,45.1,45.11,45.12,45.13,45.14,45.15,45.16,45.17,45.18,45.19,45.2,45.21,45.22,45.23,45.24,45.25,45.26,45.27,45.28,45.29,45.3,45.31,45.32,45.33,45.34,45.35,45.36,45.37,45.38,45.39,45.4,45.41,45.42,45.43,45.44,45.45,45.46,45.47,45.48,45.49,45.5,45.51,45.52,45.53,45.54,45.55,45.56,45.57,45.58,45.59,45.6,45.61,45.62,45.63,45.64,45.65,45.66,45.67,45.68,45.69,45.7,45.71,45.72,45.73,45.74,45.75,45.76,45.77,45.78,45.79,45.8,45.81,45.82,45.83,45.84,45.85,45.86,45.87,45.88,45.89,45.9,45.91,45.92,45.93,45.94,45.95,45.96,45.97,45.98,45.99,46,46.01,46.02,46.03,46.04,46.05,46.06,46.07,46.08,46.09,46.1,46.11,46.12,46.13,46.14,46.15,46.16,46.17,46.18,46.19,46.2,46.21,46.22,46.23,46.24,46.25,46.26,46.27,46.28,46.29,46.3,46.31,46.32,46.33,46.34,46.35,46.36,46.37,46.38,46.39,46.4,46.41,46.42,46.43,46.44,46.45,46.46,46.47,46.48,46.49,46.5,46.51,46.52,46.53,46.54,46.55,46.56,46.57,46.58,46.59,46.6,46.61,46.62,46.63,46.64,46.65,46.66,46.67,46.68,46.69,46.7,46.71,46.72,46.73,46.74,46.75,46.76,46.77,46.78,46.79,46.8,46.81,46.82,46.83,46.84,46.85,46.86,46.87,46.88,46.89,46.9,46.91,46.92,46.93,46.94,46.95,46.96,46.97,46.98,46.99,47,47.01,47.02,47.03,47.04,47.05,47.06,47.07,47.08,47.09,47.1,47.11,47.12,47.13,47.14,47.15,47.16,47.17,47.18,47.19,47.2,47.21,47.22,47.23,47.24,47.25,47.26,47.27,47.28,47.29,47.3,47.31,47.32,47.33,47.34,47.35,47.36,47.37,47.38,47.39,47.4,47.41,47.42,47.43,47.44,47.45,47.46,47.47,47.48,47.49,47.5,47.51,47.52,47.53,47.54,47.55,47.56,47.57,47.58,47.59,47.6,47.61,47.62,47.63,47.64,47.65,47.66,47.67,47.68,47.69,47.7,47.71,47.72,47.73,47.74,47.75,47.76,47.77,47.78,47.79,47.8,47.81,47.82,47.83,47.84,47.85,47.86,47.87,47.88,47.89,47.9,47.91,47.92,47.93,47.94,47.95,47.96,47.97,47.98,47.99,48,48.01,48.02,48.03,48.04,48.05,48.06,48.07,48.08,48.09,48.1,48.11,48.12,48.13,48.14,48.15,48.16,48.17,48.18,48.19,48.2,48.21,48.22,48.23,48.24,48.25,48.26,48.27,48.28,48.29,48.3,48.31,48.32,48.33,48.34,48.35,48.36,48.37,48.38,48.39,48.4,48.41,48.42,48.43,48.44,48.45,48.46,48.47,48.48,48.49,48.5,48.51,48.52,48.53,48.54,48.55,48.56,48.57,48.58,48.59,48.6,48.61,48.62,48.63,48.64,48.65,48.66,48.67,48.68,48.69,48.7,48.71,48.72,48.73,48.74,48.75,48.76,48.77,48.78,48.79,48.8,48.81,48.82,48.83,48.84,48.85,48.86,48.87,48.88,48.89,48.9,48.91,48.92,48.93,48.94,48.95,48.96,48.97,48.98,48.99,49,49.01,49.02,49.03,49.04,49.05,49.06,49.07,49.08,49.09,49.1,49.11,49.12,49.13,49.14,49.15,49.16,49.17,49.18,49.19,49.2,49.21,49.22,49.23,49.24,49.25,49.26,49.27,49.28,49.29,49.3,49.31,49.32,49.33,49.34,49.35,49.36,49.37,49.38,49.39,49.4,49.41,49.42,49.43,49.44,49.45,49.46,49.47,49.48,49.49,49.5,49.51,49.52,49.53,49.54,49.55,49.56,49.57,49.58,49.59,49.6,49.61,49.62,49.63,49.64,49.65,49.66,49.67,49.68,49.69,49.7,49.71,49.72,49.73,49.74,49.75,49.76,49.77,49.78,49.79,49.8,49.81,49.82,49.83,49.84,49.85,49.86,49.87,49.88,49.89,49.9,49.91,49.92,49.93,49.94,49.95,49.96,49.97,49.98,49.99,50
